rank,source_name,provider,category,type,endpoint_url,auth,price_tier,cre_use_short,occurrence_count
1,Kansas City Fed Mfg — Master Reference Table Row,St. Louis Fed,capital_markets,BULK_DOWNLOAD,https://api.stlouisfed.org/fred/series/observations?series_id=DRCRELEXFACBS&api_key=YOUR_KEY&sort_order=desc&limit=1&fi…,Free 32-char key. Register: https://fre…,FREEMIUM-A (free API key),Alternative — BLS Public API (no key for basic queries): https://api.bls.gov/publicAPI/v2/timeseries/data/CUSR0000SA0 —…,30
2,BLS API v2,,economic,UNKNOWN,Same endpoint as CES,BLS-KEY,,"JOLTS openings sparkline, quits rate | CRE Relevance: Quits rate is forward demand signal for multifamily (household fo…",18
3,FRED GOLDAMGBD228NLBM (London PM fix in USD),,capital_markets,RAW_API,https://fred.stlouisfed.org/graph/fredgraph.csv?id=MORTGAGE30US[^43,Free API key (optional)[^42],,Index: S&P Dow Jones REIT indices | Free Resource: Via FRED SP500-60010 series | Coverage: S&P 500 Real Estate sector,17
4,"Office REIT Quarterly Supplementals (Boston Properties BXP, Vornado VNO, SL Gre…",SEC,capital_markets,BULK_DOWNLOAD,https://www.sec.gov/cgi-bin/browse-edgar?action=getcompany&type=8-K&dateb=&owner=include&count=40&search_text=&SIC=6552…,None (EDGAR public),Free — SEC EDGAR[^22],"Chain Scale Benchmark tile | #: 21 | Cross-Verifiable With: Hilton 10-Q, IHG Annual, CoStar | Notes / Gotchas: Marriott…",13
5,"SEC EDGAR — Form 20-F (Annual Reports, Foreign Private Issuers)",SEC,capital_markets,SCRAPE_TARGET,https://efts.sec.gov/LATEST/search-index?q=%22CMBS%22+%22commercial+real+estate%22&dateRange=custom&startdt=2024-01-01&…,No (User-Agent header required),Free,REIT / Franchisor Comp table | #: 32 | Cross-Verifiable With: CoStar/STR weekly for benchmark | Notes / Gotchas: Key Ho…,12
6,BEA Regional Economic Accounts — GDP by County/MSA,BEA,news_sentiment,BULK_DOWNLOAD,https://apps.bea.gov/api/data?UserID=YOUR_KEY&method=GetData&datasetname=RegionalProduct&TableName=MGDP9&LineCode=1&Geo…,Free key. Register: https://apps.bea.go…,"Free (API key free, request at bea.gov)","FDI Country-of-Origin Breakdown tile | Cross-Verifiable With: TIC, IMF CDIS, UNCTAD | Notes / Gotchas: Gotcha: Covers F…",11
7,BLS Occupational Employment & Wage Statistics (OEWS),BLS,economic,RAW_API,https://api.bls.gov/publicAPI/v2/timeseries/data/,Optional free API key (registrationkey)…,Free,NFP headline ticker + sector splits | CRE Relevance: Construction payrolls → labor supply/cost for new supply; leisure/…,11
8,Census ACS — Median Household Income (B19013) by tract,U.S. Census Bureau,demographic,RAW_API,"https://api.census.gov/data/2023/acs/acs5?get=NAME,B25003_001E,B25003_002E,B25003_003E&for=metropolitan+statistical+are…",Free key at https://api.census.gov/data…,Free,"""Commute Mode Mix"" tile (drove alone / public transit / WFH donut chart)",11
9,GDELT — Master Reference Table Row (GKG Theme Topic Volume Sparkline),GDELT,infrastructure,RSS_FEED,https://api.gdeltproject.org/api/v2/doc/doc?query=(CMBS%20OR%20%22office%20vacancy%22%20OR%20%22commercial%20real%20est…,No API key required. No registration.,,"Coverage volume chart, Topic Volume Sparkline",11
10,CRED iQ Monthly CMBS Distress Reports,,capital_markets,RSS_FEED,https://cred-iq.com/blog/,None for free articles,Freemium (reports free; platform = paid),"CMBS Watchlist Ticker | Cross-Verifiable With: KBRA, Trepp | Notes: CRED iQ distress rate (delinquent + specially servi…",9
11,Reuters (no native feed since June 2020)[^45],Reuters (via Google News),infrastructure,RSS_FEED,https://news.google.com/rss/search?q=commercial+real+estate+CMBS+site:reuters.com&hl=en-US&gl=US&ceid=US:en,None for proxy,No RSS — Manual PDF drop only at cbre.c…,GNews CRE | English: Yes | License Note: Google ToS: automated commercial redistribution requires review; personal/inte…,8
12,Zillow Research Data (ZHVI and ZORI),Zillow,housing_re,SCRAPE_TARGET,https://www.zillow.com/research/data/,Free CSV,Free/trial,PROPERTY TYPES: Residential ONLY — single-family homes and multifamily rentals. No commercial (office/retail/industrial…,8
13,FOMC Calendar — Programmatic parse from Fed HTML (Python),Federal Reserve Board,infrastructure,SCRAPE_TARGET,https://www.federalreserve.gov/monetarypolicy/fomccalendars.htm,No API key,,FOMC event marker on timeline | CRE Relevance: Every FOMC decision shifts cap rate compression/expansion expectations; …,7
14,Federal Register API v1 — Canonical CRE Regulatory Monitoring Query,Federal Register,news_sentiment,RAW_API,https://www.federalregister.gov/api/v1/documents.json?conditions[term]=real+estate+mortgage+CMBS+multifamily+affordable…,"No API key required. Free, open.",,"Returns RULE + PRORULE documents from SEC, HUD, FDIC, OCC, FHFA, CFPB, FinCEN, Treasury mentioning CRE terms",6
15,IS-16 · Israeli Ministry of Interior — Municipalities & Local Council Data,,demographic,DATASET_PORTAL,https://data.gov.il/api/3/action/datastore_search?resource_id={CBS_POPULATION_BY_LOCALITY_RESOURCE_ID}&filters={,None required via data.gov.il,,INPUT: resource_id (UUID of specific tabular resource from IS-02); filters (JSON object of column=value); q (full-text …,6
16,Parallel Fan-Out Python — Regulations.gov FHFA Rulemaking Endpoint,Regulations.gov,news_sentiment,RAW_API,https://api.regulations.gov/v4/documents?filter[agencyId]=HUD&filter[documentType]=Proposed Rule&filter[postedDate][ge]…,Free api.data.gov key required,Free,"Full docket search ""real estate CMBS mortgage""",6
17,EU-01 · EIA API v2 — Electricity Retail Sales & Prices,EIA,demographic,RAW_API,https://api.eia.gov/v2/electricity/retail-sales/data/?api_key=YOUR_KEY&frequency=monthly&data[0]=price&data[1]=revenue&…,Free EIA key. Register: https://www.eia…,Free,"INPUT: api_key; frequency (monthly, annual); facets[stateid][]; facets[sectorName][] (residential, commercial, industri…",5
18,IS-15 · Israeli Planning Administration — TABA National Outline Plans,data.gov.il,construction_pipeline,DATASET_PORTAL,https://data.gov.il/api/3/action/package_search?q=building+permits&fq=organization:piba&rows=20&start=0,Anonymous works for public datasets; AP…,Free,"INPUT: Plan number; geography (district, city); plan type (residential, commercial, tourism, transportation) | CRE USE:…",5
19,Marcus & Millichap — Research & Reports,,news_sentiment,RSS_FEED,https://www.marcusmillichap.com/research,None (email for some),No RSS — Manual PDF drops; workaround: …,"Property Types: Multifamily, Office, Retail, Industrial, Self-Storage, Hotels | Cadence & Lag: Quarterly + annual inves…",5
20,Redfin Data Center,Redfin,demographic,RAW_API,https://www.redfin.com/news/data-center/,No,\<$1K/yr,"PROPERTY TYPES: Residential ONLY — for-sale homes; no commercial data[^20] | FREE: Yes | VISUAL USE: Days on market, me…",5
21,RentCast (pre-foreclosure limited),,housing_re,UNKNOWN,rentcast.io/api,,Free: 2 req/mo; Starter $29/mo (100 req…,Valuation + comps carousel[^6] | Free/mo: 2–50[^30] | CRE Data Y/N: Y,5
22,Transit Score,walkscore.com,infrastructure,UNKNOWN,walkscore.com,,Free tier,"What It Does: Walk, transit, bike scores. Lifestyle metrics for urban assets. | Key Features: \- Walk Score (0-100) for…",5
23,VA REO — VA-acquired homes via vendee financing (listed on hudhomestore.gov and…,,capital_markets,DATASET_PORTAL,https://www.hudhomestore.gov,Free account (broker NAID for offers),Free (search); no public CSV bulk feed—…,#: 1 | Cadence: Daily refresh | Map Layer / Alert Ticker: REO inventory overlay; price-reduced alert ticker,5
24,Bank CRE Concentration Data,BankRegData,capital_markets,RAW_API,https://www.bankregdata.com,,Free/Low,"What It Does: FDIC call reports, CRE concentration ratios. Flags banks with CRE/Tier 1 above 300% as motivated NPL sell…",4
25,BatchData (direct),,construction_pipeline,UNKNOWN,batchdata.io,,"$1,000/mo (100K records) or PAYG $0.01/…","Property-Level CRE Data?: Y — lien data, MLS add-on $600/mo, skip tracing, 155M properties[^18] | Live Tile / Ticker: O…",4
26,Bitcoin and Total Crypto Market Cap,CoinGecko,macro_indicator,RAW_API,https://api.coingecko.com/api/v3/simple/price?ids=bitcoin&vs_currencies=usd,"None — fully free, no key required","30 calls/min, 10,000 calls/month (with …",NAME: CoinGecko Public API | BITCOIN: https://api.coingecko.com/api/v3/simple/price?ids=bitcoin&vs_currencies=usd | GLO…,4
27,CBS API — Construction Cost Index (Madad Tashomet HaBniya),,construction_pipeline,RAW_API,https://api.cbs.gov.il/index/data/price?id=120010&format=json,None,,"CPI YoY % tile | English: Y | Cadence: Monthly, 15th of month ~18:30 | Latency: Minutes after pub | License: CBS open d…",4
28,Census Building Permits Survey — New Construction as Future Supply,,demographic,RAW_API,https://www.census.gov/permits,Optional API key,Free,Permit pipeline sparkline | CRE Relevance: Multifamily permit pulls (5+ unit) are the primary leading indicator for apa…,4
29,CrimeoMeter (direct),,capital_markets,UNKNOWN,crimeometer.com,,\~$100/mo,What It Does: Real-time crime incident mapping. CSI Safety Index (A+ to F grading). | Key Features: \- Real-time crime …,4
30,HelloData (acquired by Grace Hill),,housing_re,UNKNOWN,hellodata.ai,,No public pricing — contact sales[^49],What It Does: Multifamily comp intelligence. Real-time rent data at low cost. | Key Features: \- Real-time multifamily …,4
31,HR-03 · Census ACS 5-Year — Housing Characteristics (DP04),,demographic,RAW_API,https://api.census.gov/data/2024/acs/acs5/profile?get=group(DP03,Free Census API key [^8],,"INPUT: DP04 variable codes: DP04_0001E=total housing units, DP04_0003PE=vacancy rate, DP04_0045PE=renter-occupied %, DP…",4
32,HR-15 · HUD CHAS API — Renter Cost Burden (Tract Level),,demographic,RAW_API,https://www.huduser.gov/hudapi/public/chas?type=6&stateId=17&entityId=17031842400&year=2016-2020,Free HUD bearer token,,"INPUT: type (1=nation, 2=state, 3=county, 4=place, 5=MCD, 6=tract); stateId; optional entityId; year range | CRE USE: A…",4
33,LightBox Environmental,,hazard_environmental,UNKNOWN,lightboxre.com,,Incl. w/ LightBox,"What It Does: Phase I ESA workflows, ASTM-aligned research, hazard screening, flood data. | Key Features: \- Phase I ES…",4
34,"OpenStreetMap Overpass API (transit, amenities)",OpenStreetMap,infrastructure,RAW_API,https://overpass-api.de/api/interpreter?data=[out:json,None required (public instance); consid…,Free (open),"Base Map Context; POI Density Layer | Cross-Verifiable With: Regrid parcels, city GIS portals | Notes / Gotchas: Query …",4
35,Philadelphia Fed,,economic,RAW_API,https://www.philadelphiafed.org/surveys-and-data/data-files,NONE,,Consensus forecast band chart | CRE Relevance: 10-year inflation expectations anchor long-term cap rate assumptions; GD…,4
36,Reonomy (direct),,zoning_parcel,UNKNOWN,reonomy.com,,$299+/mo (annual contract)[^38]; enterp…,"What It Does: Ownership resolution, LLC entity piercing, Likelihood to Sell score. 54M+ commercial parcels. Now Altus G…",4
37,Trepp Blog — Monthly CMBS Delinquency,,infrastructure,RSS_FEED,https://www.trepp.com/trepptalk,None (blog); email registration for PDF,Freemium (blog = free; platform = paid),"CMBS Watchlist Ticker | Cross-Verifiable With: KBRA, CRED iQ | Notes: Trepp CMBS delinquency was 7.29% in August 2025, …",4
38,University of Michigan Consumer Sentiment (UMCSENT),,economic,RAW_API,https://www.sca.isr.umich.edu,Summary: None; archive: $600/yr license,Free headline; Paid full archive[^30],"Sentiment gauge, event marker | CRE Relevance: Consumer confidence directly drives housing, retail spending, and lodgin…",4
39,"7(a) & 504 FOIA Origination CSVs — complete loan-level data since FY1991, segme…",,economic,RAW_API,https://data.sba.gov/en/dataset/7-a-504-foia,None,Free,SBA Deal Flow Overlay + Economic Activity Signal | #: 14 | Cross-Verifiable With: USDA RD (#13); Good Jobs First (#1); …,3
40,Atlanta Fed GDPNow — Page,Atlanta Fed,economic,RAW_API,https://www.atlantafed.org/research-and-data/data/gdpnow,No API key,,GDP nowcast speedometer | CRE Relevance: Real-time GDP tracker; GDP contraction triggers CRE distress cycle; Q1 2026 WE…,3
41,ATTOM Data,,zoning_parcel,UNKNOWN,https://www.attomdata.com,,$10K+/yr,"What It Does: Nationwide parcel records, deed history, ownership chain. Foundational source of truth for 155M+ properti…",3
42,BoI EDGE — Bond Yields (Shahar/Galil),,capital_markets,RAW_API,https://edge.boi.gov.il/FusionEdgeServer/sdmx/v2/data/dataflow/BOI.STATISTICS/IR/1.0/,None,,Rate history chart | English: Y | Cadence: Decision-day update | Latency: Minutes | License: Public domain[^8][^9],3
43,BoI Representative Rate — XML all CCY,,infrastructure,RAW_API,https://www.boi.org.il/PublicApi/GetExchangeRates?asXml=true,None,Unlimited[^14],"NAME: Bank of Israel PublicAPI — Exchange Rates | FIELD: Filter exchangeRates array for ""key"": ""USD"" → | ILS NOTE: This…",3
44,CBRE Cap Rate Survey,,capital_markets,RAW_API,https://www.cbre.com/insights/reports/us-cap-rate-survey-h2-2025,Free PDF,,"Property Types: Office, Industrial, Multifamily, Retail, Hotel, Self-Storage | Cadence & Lag: Semi-annual (H1: Aug, H2:…",3
45,CBRE Hotels Research,,capital_markets,RAW_API,https://www.cbre.com/insights,None,Free (selective),"Acquisition Signal / Cap Rate tile | #: 8 | Cross-Verifiable With: JLL Hotels outlook, PwC Directions | Notes / Gotchas…",3
46,Census API — Building Permits Survey (BPS) Monthly National,Census,demographic,RAW_API,"https://api.census.gov/data/timeseries/eits/bps?get=cell_value,time_slot_name,category_code&for=us:*&time=from+2023-01&…",Free key,Free,"Supply Pipeline vs. Demand Pressure tile | Cross-Verifiable With: QCEW construction jobs, HUD AHS | Notes / Gotchas: Cr…",3
47,Census Business Patterns — Establishment Count by NAICS,,economic,RAW_API,https://api.census.gov/data/2023/cbp?get=NAICS2017,Free Census key,Free,PROPERTY TYPES: Proxies for office/retail/industrial demand — no direct CRE vacancy | FREE: Yes — free API key at api.c…,3
48,Census Construction Spending (C-30) — Private CRE by Type,,demographic,RAW_API,https://www.census.gov/construction/c30/current/index.html,NONE,,"PROPERTY TYPES: Full CRE breakdown: Office, Commercial (retail/warehouse), Health care, Educational, Religious, Public …",3
49,Chicago Fed CFNAI — Current Data Page,Chicago Fed,demographic,RAW_API,https://www.chicagofed.org/research/data/cfnai/current-data,NONE / FRED-KEY,,Broad activity composite tile | CRE Relevance: 85-variable composite; CFNAI-MA3 < –0.70 = recession in progress; broade…,3
50,CompStak,CompStak,capital_markets,UNKNOWN,approved,,,Lease Intelligence & Legal: CompStak (full API: 1.6 million+ verified lease comps with AI rent prediction and market an…,3
51,Crexi — Free Tier,,housing_re,RAW_API,https://www.crexi.com,,Free tier (basic search); Crexi Intelli…,"What It Does: 2.5M+ users. Pre-foreclosure filtering, CMBS maturity tracking, Vault document extraction. Crexi AI suite…",3
52,Cushman & Wakefield MarketBeat,,demographic,RAW_API,https://www.cushmanwakefield.com/en/insights/marketbeat,Free PDF,,"Property Types: Office, Industrial, Retail, Multifamily | Cadence & Lag: Quarterly (Q4 2025 out Jan 2026)[^64] | Notes:…",3
53,Dallas Fed WEI — Page,Dallas Fed,demographic,RAW_API,https://www.dallasfed.org/research/wei,No API key,,"Composite activity sparkline | CRE Relevance: 10-indicator composite (consumer, labor, production) scaled to 4Q GDP; fa…",3
54,EH-05 · USGS Earthquake Hazards — FDSN Event API,,hazard_environmental,RAW_API,https://earthquake.usgs.gov/fdsnws/event/1/query?format=geojson&minmagnitude=3.0&starttime=2015-01-01&endtime=2025-01-0…,None required,Fully free[^68][^69][^70],"INPUT: format (geojson, csv, text); minmagnitude; starttime; endtime; bounding box lat/lon OR latitude+longitude+maxrad…",3
55,Federal Reserve Beige Book,,demographic,RSS_FEED,https://www.federalreserve.gov/monetarypolicy/publications/beige-book-default.htm,NONE,Free,"Qualitative text feed / event marker | CRE Relevance: Real estate section contains direct commentary on CRE conditions,…",3
56,FEMA NFHL (National Flood Hazard Layer),,hazard_environmental,UNKNOWN,https://hazards.fema.gov/arcgis/rest/services/public/NFHL/MapServer,No[^31],Fully free[^37][^38][^39],Flood Risk Overlay Tile | Cross-Verifiable With: Parcel centroid from Regrid; USGS elevation | Notes / Gotchas: WFS end…,3
57,First Street Foundation Risk Factor,,hazard_environmental,UNKNOWN,https://firststreet.org,None for web lookup,Property-level lookup = free on website…,"What It Does: 30-year flood, fire, wind, heat projections. Property-level climate risk granularity. | Key Features: \- …",3
58,Florida Citizens Policy Count & Depopulation,,demographic,RAW_API,https://www.citizensfla.com/,None,Fully free[^93][^94][^95][^96],"Citizens Exposure tile; Depopulation Velocity tracker | Cross-Verifiable With: FL OIR approvals, IRFS | Notes / Gotchas…",3
59,FRED BOGZ1FL075035503Q,,macro_indicator,RAW_API,https://fred.stlouisfed.org/series/BOGZ1FL075035503Q,Free API,,"FRED Series ID: BOGZ1FL075035503Q | Description: Commercial Real Estate Price Index, Level (Board of Governors Z.1) — f…",3
60,FRED MARTS series,,macro_indicator,RAW_API,https://fred.stlouisfed.org/release?rid=9[^26,Free API key,Free[^26],Trend inflation overlay | CRE Relevance: Broad-based inflation measure combining 100+ variables; leads CPI turns by 1–2…,3
61,HR-08 · Regrid Parcel API v2 — Spatial (Point/Radius/Bbox) Search,,hazard_environmental,RAW_API,https://app.regrid.com/api/v1/search.json?query=233+S+Wacker+Dr+Chicago+IL&token=YOUR_TOKEN&return_custom=true,Regrid account token (subscription plan…,,"INPUT: query (address string); path (state/county FIPS path filter); limit (1–1000, default 20); token | CRE USE: Parce…",3
62,HUD Opportunity Zones Layer,,housing_re,UNKNOWN,https://www.hud.gov/opportunity-zones,None,Free,OZ Intelligence Hub | #: 6 | Cross-Verifiable With: HUD GIS layer (#5); CDFI CIMS (#10) | Notes / Gotchas: Aggregates f…,3
63,"HUD Picture of Subsidized Households — 4.5M+ HUD-assisted units; Section 8, pub…",,demographic,RAW_API,https://www.huduser.gov/portal/datasets/assthsg.html,No,Free,"Subsidized Supply Overlay tile | Cross-Verifiable With: CHAS, ACS B25003 | Notes / Gotchas: Use as supply constraint si…",3
64,Kansas City Fed Manufacturing Survey — Page,Kansas City Fed,demographic,RAW_API,https://www.kansascityfed.org/surveys/manufacturing-survey/,No API key,,"Plains manufacturing gauge | CRE Relevance: Agricultural and energy-related industrial CRE demand in Kansas, Nebraska, …",3
65,KBRA CMBS Trend Watch (Monthly),,capital_markets,RSS_FEED,https://www.kbra.com/publications/,Free KBRA account,Free (public research); analytics platf…,"CMBS Watchlist Ticker | Cross-Verifiable With: Trepp, CRED iQ | Notes: KBRA CMBS distress rate ended 2024 at 9.3%, risi…",3
66,"LIHTC Database — 54,102 projects, 3.7M units, 1987–2023, geocoded[^27]",,economic,BULK_DOWNLOAD,https://www.huduser.gov/lihtc/,None,Free,LIHTC Affordable Housing Overlay + Credit Stack Analyzer | #: 10 | Cross-Verifiable With: CDFI CIMS (#9); NMTC data (#8…,3
67,Mashvisor,,capital_markets,UNKNOWN,(see above),,$129[^13],"Property-Level CRE Data?: Y — rent comps, occupancy, LTR + STR income[^14] | Live Tile / Ticker: LTR/STR income split t…",3
68,"NY Fed SOFR API (direct, free)",,demographic,UNKNOWN,https://www.newyorkfed.org/markets/reference-rates/sofr,NONE,"Unlimited, free[^26]","Rate ticker, sparkline | CRE Relevance: Benchmark floating-rate index; directly prices CRE loans, construction financin…",3
69,NY Fed Survey of Consumer Expectations (SCE),,economic,RAW_API,https://www.newyorkfed.org/microeconomics/sce,NONE,FREE (interactive + CSV),"Expectations dashboard | CRE Relevance: Housing section includes: home price expectations (1Y and 3Y ahead), moving int…",3
70,Parallel Fan-Out Python — BLS CPI Shelter Endpoint,BLS,economic,RAW_API,https://api.bls.gov/publicAPI/v2/timeseries/data/CUSR0000SAH1?startyear=2023&endyear=2026&registrationkey=YOUR_KEY,Free key,,Parallel fan-out Python snippet endpoint,3
71,Philadelphia Fed ADS — Page,Philadelphia Fed,demographic,RAW_API,https://www.philadelphiafed.org/surveys-and-data/real-time-data-research/ads,No API key,,"Sub-weekly nowcast bar | CRE Relevance: Blends 6 series (claims, payrolls, IP, income, trade sales, GDP); highest-frequ…",3
72,Placer.ai Free / Freemium,,demographic,UNKNOWN,https://www.placer.ai,Free account,Free limited; Paid full data export[^42],What It Does: Foot traffic and behavioral analytics. Quantifies retail/office demand and RTO trends. | Key Features: \-…,3
73,PropertyRadar,,zoning_parcel,UNKNOWN,propertyradar.com,,$600/mo for API access[^37],What It Does: Owner prospecting with 250+ search filters. Strong for distressed lead generation. | Key Features: \- 250…,3
74,RealPage — Apartment Demand & Supply,,demographic,RAW_API,https://www.realpage.com/analytics/,None for blog,Freemium (blog posts free; data paid),"Series: Effective asking rent, occupancy (market-rate units) | Cadence: Monthly | Notes: Freemium — monthly blog with n…",3
75,Regrid (Parcel API),,energy,UNKNOWN,https://regrid.com/api,API key (trial: no CC required),"$500–$2,000/mo (API subscription)[^50];…",Parcel Intelligence / Entitlement Layer | Notes: Best free trial for parcel boundary + zoning lookup. Post-trial pricin…,3
76,Rent Estimate (Realty Mole / RentCast),,housing_re,UNKNOWN,rapidapi.com/moneals/api/rent-estimate,,50 req/mo[^5],Property-Level CRE Data?: Y — address-level rent estimate + comparable rentals[^5] | Live Tile / Ticker: Rent estimate …,3
77,Stooq free CSV — USD/ILS,,macro_indicator,RAW_API,https://stooq.com/q/d/l/?s={ticker}&i=d,None,"Unofficial, no stated limit; polite use…",Free Limit: No stated limit; informal ~200–500/day[^13] | RT vs Delayed: EOD | US Equity: ✅ | Israeli Equity: Limited |…,3
78,US Census Bureau API (ACS/Decennial),,demographic,UNKNOWN,census.gov/data/developers,,Free,"What It Does: Demographics, household income, renter ratio, population growth by census tract. | Key Features: \- 5-yea…",3
79,USCIS H-1B Employer Data Hub — annual approvals/denials by employer,,demographic,RAW_API,https://www.uscis.gov/tools/reports-and-studies/h-1b-employer-data-hub,None,Free,H-1B worker demand by MSA; tech-corridor office demand indicator | Property-Level: No (employer-level) | License: Free,3
80,ZL-04 · National Zoning Atlas — API Access,,demographic,RAW_API,https://www.zoningatlas.org,None required for state atlas downloads…,"Free (nonprofit, open data)","Zoning Reform Context Tile; Policy Friction Layer | Cross-Verifiable With: Regrid, city GIS portals | Notes / Gotchas: …",3
81,,,economic,RAW_API,https://fred.stlouisfed.org/series/COMREPUSQ159N,,,FRED Series ID: COMREPUSQ159N | Description: Commercial Real Estate Prices for United States (BIS/Federal Reserve) | Ca…,2
82,,,capital_markets,RAW_API,https://fred.stlouisfed.org/series/DRCRELEXFACBS,,,"FRED Series ID: DRCRELEXFACBS | Description: Delinquency Rate, CRE Loans excl. Farmland, All Commercial Banks | Cadence…",2
83,,,demographic,UNKNOWN,a836-acris.nyc.gov,,"✅ NYC ACRIS: all deeds, mortgages, sale…","County: New York County (Manhattan), NY | Open Data Portal: nyc.gov/site/finance/property/acris.page (https://www.nyc.g…",2
84,,,construction_pipeline,DATASET_PORTAL,https://opendata.minneapolismn.gov,,,City: Minneapolis | Platform: Minneapolis Open Data | Example API Call: https://opendata.minneapolismn.gov/resource/...…,2
85,,,construction_pipeline,DATASET_PORTAL,https://data.baltimorecity.gov,,,City: Baltimore | Platform: Baltimore Open Data | Example API Call: https://data.baltimorecity.gov/resource/...building…,2
86,,,construction_pipeline,DATASET_PORTAL,https://opendata.columbus.gov,,,"City: Columbus | Platform: Columbus Open Data | Example API Call: Socrata; search ""building permits"" | Notes: Franklin …",2
87,,,construction_pipeline,DATASET_PORTAL,https://data.cityofsacramento.org,,,"City: Sacramento | Data Available: Zoning, permits, parcels | Notes: County: Sacramento County GIS portal",2
88,,,construction_pipeline,DATASET_PORTAL,https://data.memphistn.gov,,,"City: Memphis | Data Available: Permits, parcels | Notes: Zoning less documented; Shelby County assessor has parcels.",2
89,,,construction_pipeline,DATASET_PORTAL,https://data.fortworthtexas.gov,,,"City: Fort Worth | Data Available: Zoning, permits | Notes: Tarrant County Appraisal District has parcel data.",2
90,,,zoning_parcel,DATASET_PORTAL,https://data.detroitmi.gov,,,City: Detroit | Platform: DWSD / City of Detroit | Example API Call: Socrata | Notes: Includes Wayne County parcels,2
91,4Degrees,,other,UNKNOWN,4degrees.ai,,Enterprise,"What It Does: Relationship intelligence, warm intro mapping. Purpose-built for deal-driven firms. | Key Features: \- Au…",2
92,511 Open Data,,infrastructure,UNKNOWN,511.org (varies by state),,Free,"What It Does: Traffic counts, transit feeds, road closures. | Key Features: \- Real-time traffic conditions \- Transit …",2
93,AcquiOS,,demographic,UNKNOWN,acquios.ai,,Enterprise,"What It Does: AI deal management for CRE acquisitions. Email-to-deal ingestion, AcquiScore (0-100 vs buy box), populate…",2
94,ACS Housing Tenure (B25003),,demographic,RAW_API,https://api.census.gov/data/2023/acs/acs1?get=NAME,Yes — free key at api.census.gov/data/k…,Free — public domain[^72],"MSA Momentum Scorecard / Demographic tile | Cross-Verifiable With: PEP, BEA RegionalIncome, BLS QCEW | Notes / Gotchas:…",2
95,ADP Research / Stanford Lab,,economic,RAW_API,https://adpemploymentreport.com/,NONE (FRED-KEY for API),,NFP preview ticker | CRE Relevance: Private payrolls leader; sector breakdowns (leisure/hospitality = retail CRE leadin…,2
96,Agora,,demographic,UNKNOWN,agorareal.com,,Custom,What It Does: Real estate investment management platform. SEC/FinCEN compliant onboarding. | Key Features: \- Investor …,2
97,AirDNA,,housing_re,UNKNOWN,airdna.co,,\<$1K/yr,What It Does: Short-term rental analytics for hospitality-adjacent asset evaluation. | Key Features: \- Airbnb and VRBO…,2
98,Alpha Vantage (direct),,demographic,UNKNOWN,alphavantage.co,,25 req/day free[^24],"Y — REIT price (e.g., VNQ, XLRE), Treasury yields, SOFR proxies, FX (USD/ILS)[^25] | Live Tile / Ticker: REIT price tic…",2
99,Ansarada,,demographic,UNKNOWN,ansarada.com,,Custom,What It Does: VDR with AI readiness scoring and automated document analysis. Strong on sell-side competitive bids. | Ke…,2
100,"Apartment Investment Market Index (AIMI) — combines NOI growth, property price …",,demographic,RAW_API,https://mf.freddiemac.com/aimi,,,"""AIMI Gauge"" live tile; metro-level MF investment climate tracker | Property-Level: No (metro index) | License: Free",2
101,ApartmentList Rent Data,,housing_re,RAW_API,https://www.apartmentlist.com/research/national-rent-data,Free CSV,,PROPERTY TYPES: Multifamily residential only | FREE: Yes | VISUAL USE: Month-over-month rent change dashboard panel; tr…,2
102,Apartments.com Data,,housing_re,UNKNOWN,apartments.com,,Custom,What It Does: Rental inventory and vacancy benchmarks for multifamily. CoStar-owned. | Key Features: \- National apartm…,2
103,Apollo.io,,economic,UNKNOWN,apollo.io,,$49-$119/user/mo,What It Does: Bank special assets officer targeting. Automated email sequences. De facto tool for institutional outreac…,2
104,Archer,,housing_re,UNKNOWN,archer.re,,Enterprise,What It Does: Multifamily underwriting. Bring Your Own Excel Model. 150K+ properties. Marcus & Millichap backed. | Key …,2
105,AscendixRE,,demographic,UNKNOWN,ascendixre.com,,$79-$99/user/mo,What It Does: Salesforce-based CRE CRM. Agentforce AI for lead qualification. | Key Features: \- Salesforce-native CRE …,2
106,ATTOM Data,,zoning_parcel,UNKNOWN,api.developer.attomdata.com,,"$95/mo (5,000 calls, ~$0.019/call)[^7];…",AVM + comps panel[^8] | Free/mo: Trial[^9] | CRE Data Y/N: Y,2
107,ATTOM Property (RapidAPI listing),,zoning_parcel,UNKNOWN,rapidapi.com/attomdatasolutions/api/attom-property,,10 req/mo[^5],"Property-Level CRE Data?: Y — 158M+ properties, tax, deed, mortgage, foreclosure, AVM, school, flood[^8] | Live Tile / …",2
108,BatchData,,economic,UNKNOWN,batchdata.com,,$12K-$60K/yr,"What It Does: AI seller propensity scoring, high-volume skip tracing. Bulk lead enrichment. | Key Features: \- AI-power…",2
109,BatchData,BatchData,zoning_parcel,UNKNOWN,,,"paid - plans start at $1,000/month for …",Scalable alternative for property intelligence available via direct API or marketplaces; recommended for Active Market …,2
110,Berkadia,,housing_re,RAW_API,https://www.berkadia.com/lp/2025-berkadia-us-student-housing-market-report/,Free PDF,,"Property Types: Multifamily, Senior Housing, Student Housing | Cadence & Lag: Annual + sector updates[^72] | Notes: Hot…",2
111,Blackstone ML,,news_sentiment,UNKNOWN,blackstone.com,,Proprietary,What It Does: 2B+ data points for Link Logistics industrial portfolio. Halved budgeting error rate. | Key Features: \- …,2
112,Blooma,,capital_markets,UNKNOWN,blooma.ai,,Enterprise,"What It Does: Lender-side pre-flight automation. 80% automated, 99% parse accuracy. Understand bank logic. | Key Featur…",2
113,Bloomberg RSS — Master Reference Table Row,Bloomberg,news_sentiment,RSS_FEED,https://feeds.bloomberg.com/industries/news.rss,No API key,Free,Industries (CRE sector); Bloomberg Headline Strip,2
114,BLS (Bureau of Labor Statistics),,economic,UNKNOWN,bls.gov/developers,,Free,"What It Does: Employment, wages, CPI, producer prices by metro and state. | Key Features: \- Employment and unemploymen…",2
115,BLS API v2 — JOLTS Job Openings (JTS000000000000000JOR),BLS,economic,RAW_API,https://api.bls.gov/publicAPI/v2/timeseries/data/JTS000000000000000JOR?startyear=2023&endyear=2026&registrationkey=YOUR…,Free key,,Labor Demand Indicator,2
116,BoI Financial Stability Report,,capital_markets,RAW_API,https://www.boi.org.il/en/communication-and-publications/regular-publications/financial-stability/,None,,Data Product: Financial Stability Report (semi-annual) | Cadence: June + December | English: Y | License: Public domain…,2
117,BoI Inflation Expectations page,,demographic,RAW_API,https://www.boi.org.il/en/economic-roles/statistics/,None,,12-month inflation expectations tile | English: Y | Cadence: Monthly (survey) / Daily (breakeven from market) | Latency…,2
118,BoI Rate Decision Dates 2026,,israeli,RAW_API,https://www.boi.org.il/en/economic-roles/monetary-policy/interest-rate-announcement-dates-2026/,None,,Next decision countdown tile | English: Y | Cadence: Annual | Latency: N/A | License: Public domain[^11],2
119,BTS TranStats — T-100 Domestic & International Segment,,insurance_climate,SCRAPE_TARGET,https://www.transtats.bts.gov/Tables.asp?QO_VQ=EEE,None,Free — public domain[^18],"Air Demand by MSA tile | #: 15 | Cross-Verifiable With: TSA daily, NTTO I-94, DB1B | Notes / Gotchas: Latest available:…",2
120,Buildout,,demographic,UNKNOWN,buildout.com,,$120-$299/user/mo,What It Does: Broker CRM and marketing. 150K+ brokers. Prospect: 40M+ properties. | Key Features: \- CRE-specific CRM a…,2
121,Built AI,,other,UNKNOWN,getbuilt.ai,,Enterprise,"What It Does: Cash flow modeling from brochures and Argus files. 10x speed. CBRE, Howard Hughes clients. | Key Features…",2
122,Bulk Disclosure Data Download — multifamily pool + loan monthly portfolio discl…,,housing_re,RAW_API,https://bulk.ginniemae.gov[^54,,,"""GNMA MF MBS"" issuance ticker; RPB trend chart; pool-level map | Property-Level: Yes (pool/loan) | License: Free",2
123,Cambio,,demographic,UNKNOWN,cambio.ai,,Enterprise,What It Does: Agentic building data to investor-grade decisions. $100M valuation. KKR/Oxford founders. | Key Features: …,2
124,CBRE Cap Rate Survey,,capital_markets,UNKNOWN,Same as above,Free PDF,,Cadence: Semi-annual | Methodology: Survey,2
125,CBRE Ellis AI,,economic,UNKNOWN,cbre.com,,Proprietary,What It Does: 39B data points from 300+ sources. Capital AI expands bidder pools 20%. Proprietary. | Key Features: \- 3…,2
126,CDFI CIMS — NMTC Tract Eligibility + QOZ Eligibility,,demographic,RAW_API,https://www.cdfifund.gov/cims,No (web tool); CIMS API credentials for…,Free (public federal),Distress Overlay + Program Eligibility Screener | #: 9 | Cross-Verifiable With: HUD OZ GIS (#5); NMTC Allocatee Awards …,2
127,"CDFI Information Mapping System (CIMS4) — OZ, NMTC, LIC eligibility per tract; …",,housing_re,RAW_API,https://www.cdfifund.gov/mapping-system[^38,,,CDFI program eligibility map; multi-layer distress scoring | Property-Level: No (tract-level) | License: Free (public v…,2
128,Census,,demographic,RAW_API,https://www.census.gov/retail/marts/www/marts_current.xlsx,NONE,,Retail sales sparkline | CRE Relevance: Retail sales momentum directly sets retail CRE revenue expectations; food servi…,2
129,Census ACS 5-Year API — Exact Table IDs,,demographic,RAW_API,https://api.census.gov/data/2024/acs/acs5?get=NAME,Yes — same key,Free,"Household Formation / Multifamily Demand | Cross-Verifiable With: CHAS (HUD), Eviction Lab, Opportunity Insights | Note…",2
130,Census Building Permits Survey (BPS) — Multifamily,Census Bureau,demographic,RAW_API,https://www.census.gov/construction/bps/,None,Free — public domain[^71],#: 32 | Cadence: Monthly (preliminary D+12; revised D+17)[^71] | Live Tile / Sparkline: Multifamily permits sparkline b…,2
131,Census Bureau (all APIs),Census,demographic,RAW_API,https://api.census.gov/data/key_signup.html,Free key signup,Free,Notes: Email-verified; 500 calls/day per key,2
132,Census Business Formation Statistics (BFS) API,,economic,RAW_API,https://api.census.gov/data/timeseries/bds?key=YOUR_KEY,Yes,Free,"Business Ecosystem Vitality tile | Cross-Verifiable With: QWI, CBP, BFS | Notes / Gotchas: Combine BFS (leading) + BDS …",2
133,Census MARTS (Advance Monthly Retail Trade Survey),,demographic,RAW_API,https://api.census.gov/data/timeseries/eits/marts?get=cell_value,Census API key (free at api.census.gov/…,Free — public domain[^25][^23],Structural Retail Benchmark | Cross-Verifiable With: BofA Institute; FRED RSXFS | Notes / Gotchas: Core benchmark. Apri…,2
134,Census Monthly Retail Trade Survey (MRTS),Census,demographic,RAW_API,"https://api.census.gov/data/timeseries/eits/mrts?get=cell_value,time_slot_name,category_code&for=us:*&time=from+2024-01…",Census API key,FREEMIUM-A (free API key),Structural Retail Benchmark | Cross-Verifiable With: MARTS; BEA PCE | Notes / Gotchas: More granular than MARTS; includ…,2
135,Census Quarterly Workforce Indicators (QWI) API,,economic,RAW_API,https://api.census.gov/data/timeseries/qwi/sa?get=Emp,Free Census API key. Register: https://…,Free,"INPUT: Variables (Emp, EmpEnd, HirA, Sep, PayMonth); geography (state, county, cbsa); year; quarter; optional cross-tab…",2
136,Cherre,,zoning_parcel,UNKNOWN,cherre.com,,$50K+/yr,What It Does: 3.3B addresses in knowledge graph. Agent.STUDIO for AI agents. Data infrastructure standard. | Key Featur…,2
137,Clik.ai (AutoUW),,demographic,UNKNOWN,clik.ai,,Enterprise,What It Does: Automated rent roll and T-12 extraction into ARGUS/Excel. 50% time savings at BWE ($7.9B volume). | Key F…,2
138,ClimateCheck,,hazard_environmental,UNKNOWN,climatecheck.com,,Custom,What It Does: Forward climate modeling. Insurance whiplash risk assessment. | Key Features: \- Property-level climate r…,2
139,CMS Provider Data Catalog — Hospital General Information,,demographic,RAW_API,https://data.cms.gov/provider-data/dataset/xubh-q36u,None,Free[^90],"MOB Map → Anchor Tenant Density | Cross-Verifiable With: EDGAR REIT 10-Q tenant lists, CoStar address matching | Notes …",2
140,Colliers Cap Rate Report / Market Reports,,housing_re,RAW_API,https://www.colliers.com/en-us/research,None,Free,"Property Types: Office, Industrial, Retail, Multifamily | Cadence & Lag: Quarterly[^67] | Notes: Free; global and US ci…",2
141,Commercial Observer,,infrastructure,RSS_FEED,https://commercialobserver.com/feed/,None (headlines free; full articles req…,,CO Deal Flash | English: Yes | License / ToS Note: Headlines free; article body paywalled — scraping full text violates…,2
142,Community Resilience,,economic,UNKNOWN,resilience.climate.gov,,Free,"What It Does: Social vulnerability, ESG metrics, disaster preparedness indices. | Key Features: \- Social vulnerability…",2
143,CompStak,,economic,UNKNOWN,compstak.com,,$40K+/yr,"What It Does: Verified lease and sales comps. Gold standard. Wells Fargo, Tishman Speyer clients. | Key Features: \- Cr…",2
144,Conference Board,,economic,RAW_API,https://www.conference-board.org/topics/us-leading-indicators/,Free account at data-central.conference…,,Recession risk signal | CRE Relevance: LEI decline for 6+ consecutive months = CRE distress ahead; contains building pe…,2
145,Connect CRE (US),,news_sentiment,RSS_FEED,https://www.connectcre.com/feed/,None,,Connect CRE | English: Yes | License / ToS Note: Free; Connect Group Media property[^4][^5],2
146,Connecticut Avenue Securities (CAS) Deal Reports — single-family credit risk tr…,,housing_re,RAW_API,https://capitalmarkets.fanniemae.com/credit-risk-transfer/single-family-credit-risk-transfer/connecticut-avenue-securit…,,,CRT credit signal ticker; CAS spread / subordination live card | Property-Level: No (deal-level) | License: Free,2
147,CoreLogic,CoreLogic,zoning_parcel,UNKNOWN,,,,Established vendor mentioned alongside Reonomy for proprietary ML entity resolution algorithms and standardized propert…,2
148,CoStar,,capital_markets,UNKNOWN,,,"~$6,000–$15,000/year (market analytics …",\#: 17 | Description: Industry standard for property/market data. Powers most institutional analysis. | DD: 900 | OPS: …,2
149,CoStar,,demographic,UNKNOWN,costar.com,,$30K-$100K+/yr,What It Does: Institutional property and market data standard. Broadest CRE data coverage. | Key Features: \- Comprehen…,2
150,Cotality (fka CoreLogic),,zoning_parcel,UNKNOWN,cotality.com,,Enterprise,"What It Does: Rebranded 2025\. Mortgage records, risk datasets, insurance underwriting. Total Home ValueX AVM with 99% …",2
151,County Assessor Feeds,,zoning_parcel,UNKNOWN,varies by county,,Free,What It Does: Direct parcel and tax data from hundreds of county endpoints. | Key Features: \- Parcel-level tax assessm…,2
152,Coyote Software,,economic,UNKNOWN,coyotesoftware.co.uk,,Enterprise,"What It Does: Institutional portfolio CRM. Top 5 European RE investors use it (\>$200B AUM combined). 80K assets, 500M …",2
153,CRED iQ,,capital_markets,UNKNOWN,,,"~$5,000–$12,000/year (most accessible e…","\#: 28 | Description: $2.3T tracked. Distress rate benchmark. Borrower contacts, operating statements. Servicer strateg…",2
154,CRED iQ,,capital_markets,UNKNOWN,cred-iq.com,,$20K-$50K/yr,"What It Does: CMBS distress tracking, borrower contacts, workout strategy by servicer. $2.3T tracked. 100% securitized …",2
155,CREtelligent,,demographic,UNKNOWN,cretelligent.com,,Custom,"What It Does: Integrated environmental, zoning, and survey DD workflows. | Key Features: \- Environmental pre-screening…",2
156,CurrencyFreaks / Fixer.io (direct),,israeli,UNKNOWN,currencyfreaks.com,,Freemium,Partial — USD/ILS and 150+ FX rates[^28] | Live Tile / Ticker: USD/ILS live tile | Notes: Relevant if your portfolio ha…,2
157,Cushman & Wakefield Industrial Snapshot,,housing_re,RAW_API,https://www.cushmanwakefield.com/en/united-states/insights,Free registration,Free (registration),All Pipeline Tiles | Notes: MarketBeat reports for each city + asset class available quarterly.,2
158,Dallas Fed,,economic,RAW_API,https://www.dallasfed.org/research/surveys/tmos/2026/2605,NONE,,TX industrial gauge | CRE Relevance: Energy-sector employment and industrial real estate demand concentrated in DFW/Hou…,2
159,Dallas Fed,,economic,RAW_API,https://www.dallasfed.org/research/surveys/tssos,NONE,,TX services diffusion gauge | CRE Relevance: Captures finance/insurance/logistics service growth driving Dallas office/…,2
160,Dallas Fed,,capital_markets,RAW_API,https://www.dallasfed.org/research/pce,FRED-KEY,,Core inflation sparkline | CRE Relevance: Best single measure of trend inflation; less noisy than core PCE; Fed closely…,2
161,Data Rabbit,,other,UNKNOWN,datarabbit.com,,Custom,What It Does: MLS data aggregation across regional systems. | Key Features: \- Multi-MLS data normalization \- Listing …,2
162,data.gov HUD Insured Multifamily (GIS layer),,infrastructure,DATASET_PORTAL,https://catalog.data.gov/dataset/hud-insured-multifamily-properties[^25,,,GIS map layer import for Mapbox / Leaflet | Property-Level: Yes (geocoded) | License: Free; public domain,2
163,Datafiniti,,other,BULK_DOWNLOAD,datafiniti.co,,Custom,What It Does: Large-scale normalized property data firehose. Bulk data delivery. | Key Features: \- Normalized property…,2
164,Datasite,,economic,UNKNOWN,datasite.com,,Enterprise,What It Does: Largest enterprise VDR. Financial institutions and law firms. Secure multi-party document management. | K…,2
165,DataTrace,,demographic,UNKNOWN,datatrace.com,,Custom,"What It Does: Title search automation, AI for property ownership and recorded document verification. Indexed title plan…",2
166,DataTree (First American),,zoning_parcel,UNKNOWN,datatree.com,,Custom,"What It Does: Recorded deed images, legal documents, public records from First American. | Key Features: \- Recorded do…",2
167,DC Open Data (ArcGIS / Socrata),,housing_re,DATASET_PORTAL,https://opendata.dc.gov,None for public read,,DC Pipeline | City: Washington DC | Free?: Free | Notes: DC uses both ArcGIS and DCGIS hub. Search opendata.dc.gov for …,2
168,DDee.ai,,economic,UNKNOWN,ddee.ai,,Enterprise,What It Does: Full DD suite: 9 integrated AI modules from document intake to IC memo in under 1 hour. | Key Features: \…,2
169,DealGround,,demographic,UNKNOWN,dealground.com,,Custom,What It Does: AI-native CRE prospecting and deal sourcing. Automated ownership research. Brokers report 20hrs/week save…,2
170,Dealpath,,demographic,UNKNOWN,dealpath.com,,Enterprise,"What It Does: $10T+ in transactions across 300+ firms. Dealpath Connect, AI Extract (95% accuracy), AI Studio. | Key Fe…",2
171,DealRoom,,demographic,UNKNOWN,dealroom.net,,Custom,"What It Does: DD management platform combining data room with task tracking, request lists, and pipeline tools. | Key F…",2
172,DebtX,,capital_markets,UNKNOWN,debtx.com,,Custom,What It Does: Loan sale marketplace. DXScore credit rating. Bank and FDIC loan sales. | Key Features: \- Online loan sa…,2
173,DeepBlocks,,zoning_parcel,UNKNOWN,deepblocks.com,,"$6,600+/yr","What It Does: Zoning feasibility, 3D massing, urban infill analysis for value-add/development. | Key Features: \- Autom…",2
174,Digify / CapLinked,,economic,UNKNOWN,digify.com / caplinked.com,,$140+/mo,What It Does: Secure virtual data rooms for document sharing beyond standard storage. | Key Features: \- Secure documen…,2
175,Disclosure Search Tools (pool/RPB/CUSIP lookup),,housing_re,RAW_API,https://www.ginniemae.gov/investors/investor_search_tools/Pages/DisclosureSearchTools.aspx[^57,,,GNMA pool health detail card | Property-Level: Yes (pool-level) | License: Free,2
176,DocSumo,,capital_markets,UNKNOWN,docsumo.com,,Custom,What It Does: AI-driven financial spreading from raw documents. | Key Features: \- Intelligent document classification …,2
177,DocuSign,,demographic,UNKNOWN,docusign.com,,$15+/mo,"What It Does: E-signatures for NDAs, LOIs, subscription documents. | Key Features: \- Electronic signature capture and …",2
178,DOL / FRED,,economic,RAW_API,https://oui.doleta.gov/unemploy/claims.asp,FRED-KEY,,"Claims spike alert, event marker | CRE Relevance: Rising claims → tenant stress, lease defaults; weekly pulse faster th…",2
179,DOL / FRED,,economic,UNKNOWN,FRED API same template as ICSA,FRED-KEY,,Duration trend sparkline | CRE Relevance: Persistent elevated CCSA signals structural job loss affecting office/retail …,2
180,DoorProfit,,housing_re,UNKNOWN,doorprofit.com,,Dev plan,What It Does: Registered offender registry. Essential for multifamily DD. | Key Features: \- Sex offender registry look…,2
181,DoorProfit API (direct),,other,UNKNOWN,api.doorprofit.com,,Freemium,"Property-Level CRE Data?: Partial — crime stats, registered offenders, location safety score[^21] | Live Tile / Ticker:…",2
182,"DUS Disclose — multifamily MBS pool and loan disclosure, AMI breakdown, Social …",,housing_re,RAW_API,https://multifamily.fanniemae.com/applications-technology/dus-disclose,,,"""MF MBS Issuance"" map layer; affordable unit AMI tile per property | Property-Level: Yes (property-level) | License: Fr…",2
183,Duxre,,demographic,UNKNOWN,duxre.com,,$0-$599/mo,"What It Does: AI platform for CRE brokers. Dash AI engine: lead scoring, contact enrichment, document analysis. | Key F…",2
184,DXY (ICE US Dollar Index) — Yahoo Finance,,capital_markets,RAW_API,https://query1.finance.yahoo.com/v8/finance/chart/DX-Y.NYB?interval=1d&range=1d,None (requires User-Agent header),,NAME: Yahoo Finance Chart API — DXY | FIELD: chart.result.meta.regularMarketPrice | ILS NOTE: DXY inversely correlates …,2
185,"Dynamic National Loan-Level Dataset — full national HMDA, updated weekly to abs…",,demographic,RAW_API,https://ffiec.cfpb.gov/data-publication/dynamic-national-loan-level-dataset[^47,,,Live mortgage demand heat map; weekly origination pulse ticker | Property-Level: Yes (application-level) | License: Fre…,2
186,EH-01 · OpenFEMA — NFIP Flood Policies,,demographic,RAW_API,https://www.fema.gov/api/open/v2/FimaNfipPolicies?$filter=countyCode%20eq%20,None required,Free,"INPUT: OData filters: countyCode, state, censusTract, reportedZipCode, floodZone; $top (max 10,000 per call); $skip for…",2
187,EH-02 · OpenFEMA — NFIP Claims,,hazard_environmental,RAW_API,https://www.fema.gov/api/open/v2/FimaNfipClaims?$filter=state%20eq%20,None required,Free,INPUT: state; countyCode; censusTract; yearOfLoss; floodZone; reportedCity | CRE USE: Historical flood loss experience …,2
188,EH-04 · FEMA National Flood Hazard Layer (NFHL) via ArcGIS REST,FEMA,hazard_environmental,RAW_API,"https://hazards.fema.gov/arcgis/rest/services/public/NFHL/MapServer/28/query?geometry=-77.0369,38.9072&geometryType=esr…",None required,Free,INPUT: geometry (bounding box or point); geometryType; inSR=4326; outFields; f=geojson | CRE USE: Flood zone determinat…,2
189,EH-14 · NREL PVWatts API — Solar Energy Production,NREL/NLR,infrastructure,RAW_API,https://developer.nlr.gov/api/pvwatts/v8.json?api_key=YOUR_KEY&address=233+S+Wacker+Chicago+IL&system_capacity=100&azim…,Free NREL/NLR key. Register: https://de…,Free,"INPUT: address or lat+lon; system_capacity (kW); azimuth; tilt; array_type (0=fixed, 1=1-axis tracking); module_type (0…",2
190,EIA,,economic,RAW_API,https://api.eia.gov/v2/petroleum/sum/sndw/data/?api_key=KEY,EIA-KEY,,Energy cost indicator | CRE Relevance: Construction/logistics costs tied to diesel; energy price shocks flow through to…,2
191,EIA,,demographic,RAW_API,https://api.eia.gov/v2/natural-gas/stor/wkly/data/?api_key=KEY,EIA-KEY,,Energy/utility cost tracker | CRE Relevance: Industrial/warehouse tenant utility costs; surplus storage → lower rents f…,2
192,Envirosite,,hazard_environmental,UNKNOWN,lightboxre.com/envirosite,,Custom,What It Does: Address-level contamination and hazard data. Part of LightBox. | Key Features: \- Address-level environme…,2
193,EPA Envirofacts,,hazard_environmental,UNKNOWN,enviro.epa.gov,,Free,"What It Does: Superfund sites, toxic releases, contamination proximity. | Key Features: \- Superfund (NPL) site locatio…",2
194,ERCOT Real-Time LMP (Settlement Points),,demographic,RAW_API,http://mis.nyiso.com/public/,Account for MIS portal,Free,"""Texas Spot Price"" tile | Cross-Verifiable With: FERC EQR (for bilateral contracts) | Notes / Gotchas: ERCOT uses zonal…",2
195,ERCOT Resource Adequacy (Monthly),,demographic,RAW_API,https://www.ercot.com/gridinfo/resource,No,Free,"""Texas Queue Map"" tile | Cross-Verifiable With: LBNL Queued Up, interconnection.fyi | Notes / Gotchas: #1 unfair-advant…",2
196,Estated API,,zoning_parcel,UNKNOWN,estated.com,,\<$1K/yr,What It Does: ATTOM-backed property records. Tax assessments via lightweight API. | Key Features: \- Property character…,2
197,EU-02 · EIA API v2 — Natural Gas Citygate Prices,EIA,economic,RAW_API,https://api.eia.gov/v2/natural-gas/pri/sum/data/?api_key=YOUR_KEY&frequency=monthly&data[0]=value&facets[duoarea][]=SAZ…,Same EIA key,Free,"INPUT: facets[duoarea][] (state code, e.g., S_ILL); facets[process][] (PCS=commercial sold, PRS=residential, PIN=indust…",2
198,EU-05 · EIA API v2 — Electric Power Hourly Demand (RTO),,demographic,RAW_API,https://api.eia.gov/v2/electricity/rto/fuel-type-data/data/?api_key=YOUR_KEY&frequency=hourly&data=value&facets[respond…,Same EIA key [^57],Free,"INPUT: facets[respondent][] (RTO: MISO, PJM, CAISO, ERCOT); facets[fueltype][] (NG, SUN, WND, COL, WAT, NUC, OIL); freq…",2
199,EU-07 · NREL National Solar Radiation Database (NSRDB) API,NREL/NLR,energy,RAW_API,https://developer.nlr.gov/api/solar/solar_resource/v1.json?api_key=YOUR_KEY&lat=41.878&lon=-87.630,Free NREL/NLR key,Free,INPUT: lat; lon; api_key | CRE USE: Solar feasibility for rooftop PV on CRE assets; daylighting analysis for office/ret…,2
200,ExchangeRate-API free,,infrastructure,RAW_API,https://v6.exchangerate-api.com/v6/{KEY}/latest/USD,API key (free signup),"1,500 req/month; base must be USD on fr…","USD/ILS cross-check | English: Y | Cadence: Hourly on free plan | Latency: ~1 hr | License: Free: 1,500 req/month; base…",2
201,exchangerate.host,,infrastructure,RAW_API,https://api.exchangerate.host/live?source=USD&currencies=ILS,API key (free tier),Not explicitly capped; EOD data at 00:0…,USD/ILS intraday bridge | English: Y | Cadence: Real-time (multiple updates/day) | Latency: ~1–2 min | License: Proprie…,2
202,FactSet (MCP),,economic,MCP_CONNECTOR,factset.com,,Via connector,What It Does: Financial data and analytics. Institutional standard for investment research. | Key Features: \- Company …,2
203,FBI Crime Data,,demographic,UNKNOWN,crime-data-explorer.fr.cloud.gov,,Free,What It Does: Historical crime baselines by jurisdiction. UCR data. | Key Features: \- Uniform Crime Reporting (UCR) da…,2
204,FDIC BankFind,,capital_markets,UNKNOWN,banks.data.fdic.gov,,Free,"What It Does: Official FDIC bank data. Financial data, examination schedules, institution search. | Key Features: \- Ba…",2
205,FDIC BankFind API,,demographic,SCRAPE_TARGET,,,Free,Rank: 4 | Why It's Highest-Leverage: Per-bank CRE concentration ratios; no API key; quarterly; tracks regional bank pul…,2
206,FDIC BankFind Suite API,,capital_markets,SCRAPE_TARGET,https://banks.data.fdic.gov/api/financials?filters=REPDTE%3A20241231%20AND%20CREACR%3A[0.25+TO+*,None[^38],Free,"CRE Loan Risk Gauge | Cross-Verifiable With: FFIEC CDR, Fed H.8 | Notes: CREACR = CRE concentration ratio. Failed bank …",2
207,FDIC BankFind Suite API — financials endpoint with CRE loan balances (RCON1480 …,,economic,RAW_API,https://api.fdic.gov/banks/financials,,,"""Bank CRE Exposure"" bar chart by institution; ADC ratio watchlist | Property-Level: No (institution-level) | License: F…",2
208,FDIC Bulk Data Download — full Call Report quarterly dataset,,economic,BULK_DOWNLOAD,https://banks.data.fdic.gov/bankfind-suite/bulkData/bulkDataDownload[^52,,,Bulk processing for all-bank CRE concentration screener | Property-Level: No | License: Free; public,2
209,Fed H.8 Data,,demographic,UNKNOWN,federalreserve.gov/releases/h8,,Free,What It Does: Weekly commercial bank balance sheet data. Lending pattern trends. | Key Features: \- Weekly aggregate co…,2
210,Fed Register Public Inspection — Master Reference Table Row,Federal Register,news_sentiment,RAW_API,https://www.federalregister.gov/api/v1/public-inspection-documents.json?conditions[agencies][]=federal-housing-finance-…,No API key,,Next-Day Rules Alert (documents filed for next-day publication),2
211,Federal Real Property Profile (FRPP) Public Dataset — FY2024 — asset-level deta…,,demographic,RAW_API,https://www.gsa.gov/policy-regulations/policy/real-property-policy-division-overview/asset-management/federal-real-prop…,,,"""Federal Tenant"" layer; lease expiry heat map; government office demand signal | Property-Level: Yes (asset-level) | Li…",2
212,Federal Reserve Board,,economic,RAW_API,https://www.federalreserve.gov/releases/h15/,NONE (FRED-KEY for API),,"Yield curve widget, 2-10 spread gauge | CRE Relevance: 10-year Treasury is the primary cap rate anchor; 2-10 inversion …",2
213,Federal Reserve Board Press Releases,,news_sentiment,RSS_FEED,https://www.federalreserve.gov/feeds/press_all.xml,None[^26],,Fed Press | English: Yes | License Note: Public domain,2
214,FEMA Flood Data,,hazard_environmental,UNKNOWN,msc.fema.gov,,Free,"What It Does: Flood zone identification, NFIP eligibility, historical claims. | Key Features: \- Flood zone determinati…",2
215,FEMA National Flood Hazard Layer (NFHL),,hazard_environmental,RAW_API,https://msc.fema.gov/portal/search,None for search,Free,"SFHA Overlay tile | Cross-Verify: NFIP policies, First Street flood risk | Notes: WFS endpoint allows GIS integration. …",2
216,FFIEC CDR (Call Report retrieval),,housing_re,RAW_API,https://cdr.ffiec.gov[^53,,,Regulatory ratio data supplement | Property-Level: No | License: Free,2
217,FFIEC CDR Bulk Call Report Download,,capital_markets,BULK_DOWNLOAD,https://cdr.ffiec.gov/public/PWS/DownloadBulkData.aspx,Free CDR account for SOAP API,Free,"CRE Loan Risk Gauge | Cross-Verifiable With: FDIC BankFind, FRED | Notes: Python connector ffiec_data_connect wraps the…",2
218,"FHA Active & Terminated MF Insured Mortgages (223f, 221d4, 232 etc.)",,demographic,RAW_API,https://www.hud.gov/hud-partners/multifamily-fhasl-active[^16,,,"""FHA-Insured MF"" map layer; insured balance by MSA tile | Property-Level: Yes (property-level) | License: Free; public",2
219,FHA MF Firm Commitments & Endorsements — quarterly production by program type,,capital_markets,RAW_API,https://www.hud.gov/hud-partners/multifamily-data[^17,,,Origination pipeline tracker; lender league table | Property-Level: Yes (property-level) | License: Free; public,2
220,FHA SF REO Properties for Sale (data.gov),,demographic,DATASET_PORTAL,https://catalog.data.gov/dataset/fha-single-family-reo-properties-for-sale[^35,,,REO density map layer | Property-Level: Yes | License: Public domain,2
221,FHFA House Price Index (HPI) — master CSV,,housing_re,RAW_API,https://www.fhfa.gov/hpi/download/monthly/hpi_master.csv[^58,,,"""HPI Trend"" live chart; MSA price change heatmap | Property-Level: No (area-level) | License: Free; public domain[^61]",2
222,FHFA HPI Interactive Tool + All Downloads,,housing_re,DATASET_PORTAL,https://www.fhfa.gov/data/hpi[^60,,,Multi-geography selector tile | Property-Level: No | License: Free,2
223,"FHFA Public Use Database (PUDB) — Multifamily — Fannie/Freddie MF acquisitions,…",,demographic,RAW_API,https://www.fhfa.gov/data/public-use-database[^63,,,"""GSE MF Purchase Volume"" tile by census tract / MSA | Property-Level: No (aggregate) | License: Free",2
224,First Street Foundation,First Street Foundation,hazard_environmental,UNKNOWN,,,,"Climate, Environmental & Hazard Modeling: First Street Foundation (30-year flood, wind, and wildfire hazard projections…",2
225,Fitch Ratings CMBS Press Releases,,capital_markets,RAW_API,https://www.fitchratings.com/structured-finance/cmbs,No,Free (press/criteria free; full reports…,"CMBS Rating Action Feed | #: 17 | Cross-Verifiable With: KBRA, DBRS, S&P | Notes / Gotchas: Fitch updated CMBS large lo…",2
226,Florida OIR IRFS Rate Filing Search,,demographic,RAW_API,https://irfssearch.floir.gov,None,Fully free[^92],"Rate Filing Trajectory; Carrier Action Alert | Cross-Verifiable With: SERFF SFA, Citizens policy count | Notes / Gotcha…",2
227,FOMC Calendar — FRED Key Signup,FRED,macro_indicator,RAW_API,https://fred.stlouisfed.org/docs/api/api_key.html,No API key (for signup),,Free FRED API key signup,2
228,Foursquare Places,Foursquare Places,economic,UNKNOWN,,,,"Foot Traffic, Consumer & Market Analytics: Foursquare Places (point-of-interest and behavioral analytics)",2
229,Frankfurter v2,,infrastructure,UNKNOWN,,,,Rank: #4 | Latency: EOD ~16:00 CET[^2] | License: No commercial redistribution | Notes: ECB reference rate — reflects E…,2
230,Frankfurter v2 (ECB-backed),,infrastructure,RAW_API,https://api.frankfurter.dev/v2/rates?base=USD&symbols=ILS,None[^1],Unlimited (rate-limited to prevent abus…,"USD/ILS, USD/EUR, USD/GBP tiles | RT vs Delayed: EOD — ECB publishes ~16:00 CET daily[^2] | Commercial Redist.: No — EC…",2
231,FRED API (St. Louis Fed),,macro_indicator,UNKNOWN,fred.stlouisfed.org/docs/api,,Free,"What It Does: Mortgage rates, GDP, employment, CPI, treasury yields. 800K+ economic time series. | Key Features: \- 800…",2
232,FRPP data.gov catalog entry,,economic,DATASET_PORTAL,https://catalog.data.gov/dataset/fy-2024-federal-real-property-profile-frpp-public-dataset[^72,,,Alternate download/API access | Property-Level: Yes | License: Free,2
233,FRPP Summary Report Library — historical summary reports since 1997[^73],,housing_re,RAW_API,https://www.gsa.gov/policy-regulations/policy/real-property-policy-division-overview/data-collection-and-reports/frpp-s…,,,Federal footprint trend chart | Property-Level: No (summary) | License: Free,2
234,GlobeSt,,news_sentiment,RSS_FEED,https://www.globest.com/feed/,None,,GlobeSt CRE | English: Yes | License / ToS Note: Free; ALM Media property,2
235,Good Jobs First — Subsidy Tracker,,economic,SCRAPE_TARGET,https://subsidytracker.goodjobsfirst.org,None,Free,Subsidy Capture Feed + Megadeal Alert | #: 1 | Cross-Verifiable With: Good Jobs First Tax Break Tracker (#2); state EDC…,2
236,Google Geocoding,,infrastructure,UNKNOWN,developers.google.com/maps/documentation/geocoding,,Usage-based,What It Does: Address resolution to precise GPS coordinates. | Key Features: \- Address to lat/lng conversion \- Revers…,2
237,Google Places API,,economic,UNKNOWN,developers.google.com/maps/documentation/places,,Usage-based,"What It Does: Nearby POIs, schools, commercial facilities, amenity mapping. | Key Features: \- Nearby place search by t…",2
238,GrowthFactor,,demographic,UNKNOWN,growthfactor.ai,,Custom,"What It Does: Site selection AI. Demographics, foot traffic, competitor mapping, 0-100 site score in 2 seconds. | Key F…",2
239,HazardHub,,hazard_environmental,UNKNOWN,hazardhub.com,,Custom,"What It Does: Multi-peril risk scoring: frozen pipe, hail, surge, wildfire, SurgeMAX. | Key Features: \- 20+ hazard ris…",2
240,HMDA Data Browser — custom table builder and CSV export,,housing_re,RAW_API,https://ffiec.cfpb.gov/data-browser/[^48,,,Interactive market filter tool; drill-down by geography + product | Property-Level: Aggregated (not raw) | License: Free,2
241,Hospitality Net,,news_sentiment,RSS_FEED,https://www.hospitalitynet.org/rss,None,,HospNet Hospitality | English: Yes (plus non-English) | License / ToS Note: Free; global neutral hospitality publisher …,2
242,HouseCanary,,economic,UNKNOWN,housecanary.com,,Custom,What It Does: Forward-looking 36-month property risk signals. AVM and analytics platform. | Key Features: \- Property-l…,2
243,HousingWire,,housing_re,RSS_FEED,https://www.housingwire.com/feed/,None,,HousingWire | English: Yes | License / ToS Note: Free headlines; HW+ premium requires subscription,2
244,HR-11 · HUD eGIS Open Data — Location Affordability Index,,demographic,RAW_API,https://hud.maps.arcgis.com/home/item.html?id=,None required,,"INPUT: GEOID (block group), bounding box, or county FIPS | CRE USE: H+T affordability for retail trade area purchasing …",2
245,HUD AHS — American Housing Survey,,demographic,RAW_API,https://www.census.gov/programs-surveys/ahs.html,Free API key,Free — public domain,"Housing Stock Quality / Recent Mover tile | Cross-Verifiable With: ACS tenure/value tables, ZHVI | Notes / Gotchas: Rec…",2
246,HUD CHAS API — Comprehensive Housing Affordability Strategy; housing need by in…,,demographic,RAW_API,https://www.huduser.gov/hudapi/public/chas[^22,,,"""Affordability Gap"" map layer; renter cost-burden overlay | Property-Level: No (tract-aggregate) | License: Free; token…",2
247,HUD Fair Market Rents API — FMR and Income Limits by county/metro,,demographic,RAW_API,https://www.huduser.gov/hudapi/public/fmr[^23,,,"""FMR Heat Map"" by county; rent affordability calculator | Property-Level: No (area-level) | License: Free; token requir…",2
248,HUD FMR API,,housing_re,RAW_API,https://www.huduser.gov/portal/dataset/fmr-api.html,Free API,,Series: Fair Market Rents by bedroom count | Cadence: Annual | Notes: Free API key; 40th percentile rent[^105],2
249,HUD Multifamily Assistance & Section 8 Contracts DB,,economic,RAW_API,https://www.hud.gov/hud-partners/multifamily-assist-section8-database[^26,,,HAP contract expiration tracker; preservation risk tile | Property-Level: Yes (property-level) | License: Free,2
250,HUD Multifamily Property / Contract / Insured Active FHA Addresses,,infrastructure,RAW_API,https://www.hud.gov/hud-partners/multifamily-preservation[^21,,,MF property geocoded map base layer | Property-Level: Yes (property-level) | License: Free,2
251,HUD Multifamily REAC Physical Inspection Scores — most recent inspection score …,,housing_re,RAW_API,https://www.hud.gov/program_offices/housing/mfh/rems/remsinspecscores/remsphysinspscores[^20,,,"""Property Health Score"" pin layer; REAC score histogram | Property-Level: Yes (property-level) | License: Free",2
252,"HUD Open Data Catalog — full catalog of HUD datasets (CHAS, AHS, HMDA crosswalk…",,housing_re,RAW_API,https://data.hud.gov/datasets[^24,,,Central API registry for all HUD-layer data | Property-Level: Varies | License: Free,2
253,HUD USER PD&R Master Dataset Catalog,,housing_re,RAW_API,https://www.huduser.gov/portal/pdrdatas_landing.html[^29,,,Research data registry | Property-Level: Varies | License: Free,2
254,HUD USPS Vacancy Data,HUD,housing_re,UNKNOWN,,,,Broker portal — addresses flagged as vacant by mail carriers,2
255,HUD-USPS ZIP↔Tract Crosswalk API,HUD,housing_re,RAW_API,https://www.huduser.gov/hudapi/public/usps?type=3&query=60611&year=2024&quarter=1,Free HUD token. Register: https://www.h…,Free,"INPUT: type (1=ZIP→tract, 2=ZIP→county, 3=ZIP→CBSA, 4=ZIP→CBSA division, 5=ZIP→congressional district, 6=ZIP→metro divi…",2
256,iCapital,,economic,UNKNOWN,icapitalnetwork.com,,Custom,"What It Does: Accredited investor verification, KYC checks. Alternatives platform. | Key Features: \- Accredited invest…",2
257,ICE Data Services (MCP),,economic,MCP_CONNECTOR,ice.com,,Via connector,"What It Does: Fixed income data, mortgage analytics, pricing. | Key Features: \- Fixed income pricing and analytics \- …",2
258,IdealSpot GeoData,,zoning_parcel,UNKNOWN,rapidapi.com (see above),,~$99[^3],Distress flag icon[^8] | Free/mo: 10[^5] | CRE Data Y/N: Y — foreclosure/REO/lis pendens,2
259,Inman,,news_sentiment,RSS_FEED,https://www.inman.com/feed/,None,,Inman RE | English: Yes | License / ToS Note: Free headlines; Inman Select content requires subscription[^11],2
260,Instantly / Smartlead,,energy,UNKNOWN,instantly.ai / smartlead.ai,,\<$100/mo,What It Does: Automated cold email outreach to banks and servicers at scale. | Key Features: \- Unlimited email sending…,2
261,Investing.com Israel 2Y/5Y/10Y/30Y,,capital_markets,RAW_API,https://www.investing.com/rates-bonds/israel-20-year-bond-yield,None,,IL 2Y/5Y/10Y/20Y/30Y tiles | English: Y | Cadence: Real-time | Latency: ~15 min | License: Investing.com ToS — display …,2
262,IRS SOI Migration Data — County-to-County,,demographic,RAW_API,https://www.irs.gov/statistics/soi-tax-stats-migration-data,No,Free,FREE: Yes — completely free download | VISUAL USE: Net migration flows to/from each county → identify counties gaining …,2
263,ISA MAGNA System — Israeli Public Company Filings,,demographic,RAW_API,https://magna.isa.gov.il,None,Free (Hebrew-language primary; English …,What it provides: The MAGNA Electronic Public Disclosure System is Israel's equivalent of EDGAR. All Israeli public com…,2
264,ISM,,economic,UNKNOWN,Same page as Manufacturing,NONE,,Services PMI gauge | CRE Relevance: Services > 70% of US GDP; services expansion supports office/retail leasing; critic…,2
265,ISM (historical CSV via eco3min),,infrastructure,RAW_API,https://eco3min.fr/dataset/ism-manufacturing-pmi.csv,NONE,,PMI dial gauge | CRE Relevance: Manufacturing contraction (below 50) signals industrial/warehouse demand softening; cor…,2
266,Israeli CPI / Inflation Rate (CBS),Israeli Central Bureau of Statistics,economic,UNKNOWN,cbs.gov.il,,,Deep corner — Israeli CBS programmatic data access,2
267,Israeli Mortgage Rates (Mashkanta),,demographic,UNKNOWN,NO MACHINE-READABLE API,N/A,,NAME: BOI Monthly Mortgage Statistics | FIELD: N/A | ILS NOTE: Average Mashkanta rates (CPI-linked + spread) contextual…,2
268,JLL — Global Capital Flows Report,,housing_re,RAW_API,https://www.us.jll.com/en/trends-and-insights/research,Email registration,Free (registration),"JLL Capital Flows tile | Cross-Verifiable With: MSCI RCA, CBRE | Notes / Gotchas: Gotcha: JLL's free Global Capital Out…",2
269,JLL Falcon / JLL GPT,,economic,UNKNOWN,jll.com,,Proprietary,What It Does: Custom CRE-trained LLM. 34 AI agents in development. Industry direction for agentic CRE. | Key Features: …,2
270,"JLL Global Investment Report (Annual, Free PDF)",,capital_markets,RAW_API,https://www.jll.com/en-us/insights,,Free (registration required),What it provides: JLL's annual Global Capital Flows report ranks countries by CRE investment volume. Israel ranked 10th…,2
271,Juniper Square,,economic,UNKNOWN,junipersquare.com,,$18K+/yr,"What It Does: LP reporting, fund management. 650K+ LP accounts, 1,800+ GP clients. | Key Features: \- Investor portal a…",2
272,Kansas City Fed,,economic,RAW_API,https://www.kansascityfed.org/data-and-trends/labor-market-conditions-indicators/,FRED-KEY,,Labor market composite gauge | CRE Relevance: LMCI captures 24 labor variables; momentum index leads NFP by 1–2 months;…,2
273,Kira Systems,,economic,UNKNOWN,kirasystems.com,,Enterprise,What It Does: Clause-level legal contract analysis. Cross-document consistency checking. | Key Features: \- ML-powered …,2
274,LeaseLens,,economic,UNKNOWN,leaselens.ai,,$25/lease,What It Does: Speed abstraction at $25/commercial lease. 30-day DD velocity. | Key Features: \- $25 per commercial leas…,2
275,Lodging Econometrics — Global Pipeline Free Summaries,,construction_pipeline,RAW_API,https://lodgingeconometrics.com,None,Free headline; Paid full dataset[^14],"Supply Pipeline / 24-Month Forward tile | #: 33 | Cross-Verifiable With: STR supply pipeline (paid), CBRE pipeline | No…",2
276,LoopNet (CoStar) — Free Tier,CoStar Group,infrastructure,SCRAPE_TARGET,https://www.loopnet.com/,,Free tier (basic listings); premium CoS…,"What it provides: Free access to commercial listings, basic sale comparables, and some ownership information.[^50][^51]…",2
277,Mashvisor,,housing_re,UNKNOWN,mashvisor.com,,\<$1K/yr,What It Does: Cap rate and cash-on-cash ROI calculators for investment analysis. | Key Features: \- Investment property…,2
278,Mashvisor (Airbnb Rates & RE Analysis),,capital_markets,UNKNOWN,rapidapi.com/mashvisor-team/api/mashvisor,,Free trial (limited),"Property-Level CRE Data?: Y — cap rate, cash-on-cash return, NOI, Airbnb occupancy, price estimate, rental income, neig…",2
279,Matterport,,infrastructure,UNKNOWN,matterport.com,,Custom,What It Does: 3D digital twin and virtual tour platform. Immersive property visualization. | Key Features: \- 3D digita…,2
280,MBA CREF Loan Performance Survey,,capital_markets,RAW_API,https://www.mba.org/news-and-research/newsroom/news/2025/05/13/delinquency-rates-for-commercial-properties-increased-in…,Free,,"Free Monthly Data: Quarterly delinquency by capital source (CMBS, banks, life companies, GSEs, FHA). Q1 2025: CMBS 5.2%…",2
281,Mediastack — Master Reference Table Row,Mediastack,news_sentiment,RAW_API,"http://api.mediastack.com/v1/news?access_key=YOUR_KEY&keywords=CMBS,commercial+real+estate,office+vacancy&countries=us&…",Free key,Free tier,Backup News Ticker; HTTP only on free tier (no HTTPS),2
282,Mercatus Center / Furman Center Zoning Reform Tracker,,zoning_parcel,RAW_API,https://www.mercatus.org/,None,Free,"Entitlement Friction Score Input | Cross-Verifiable With: NZA, Shovels permit data, Terner Center | Notes / Gotchas: WR…",2
283,MFH Servicing Dataset (sc.egov.usda.gov),,capital_markets,RAW_API,https://www.sc.egov.usda.gov/data/MFH.html[^32,,,Active Section 515/538 loan portfolio map | Property-Level: Yes | License: Public domain,2
284,Miami-Dade Open Data Hub,,hazard_environmental,DATASET_PORTAL,https://gis-mdc.opendata.arcgis.com,No,⚠️ Property Appraiser bulk data: $50/fi…,"City / County: Miami-Dade County | Data Available: County parcels, zoning, flood, environmental, property records[^80][…",2
285,microsoft/GlobalMLBuildingFootprints,,infrastructure,RAW_API,https://github.com/microsoft/GlobalMLBuildingFootprints/,None,Fully free (ODbL)[^105][^106][^107][^10…,"Building footprint layer; parcel density map | Stars: 1,871 | Language: Python | License: ODbL | One-Line Description: …",2
286,MIRS Transition Index — successor to discontinued Monthly Interest Rate Survey;…,,economic,RAW_API,https://www.fhfa.gov/data/mirs[^65,,,CRE rate context tile; historical rate series | Property-Level: No | License: Free,2
287,"Modified LAR (institution-level files) — 48 data points per application: race, …",,demographic,RAW_API,https://ffiec.cfpb.gov/data-publication/modified-lar[^45,,,"""Mortgage Market Activity"" census tract map; approval/denial rate tile | Property-Level: Yes (application-level) | Lice…",2
288,Monthly Issuance Reports,,housing_re,RAW_API,https://www.ginniemae.gov/data_and_reports/reporting/Pages/monthly_issuance_reports.aspx[^56,,,Issuance volume chart; government-backed lending pulse | Property-Level: No | License: Free,2
289,Morningstar (MCP),,capital_markets,MCP_CONNECTOR,morningstar.com,,Via connector,"What It Does: Investment research, fund data, credit ratings. | Key Features: \- REIT and fund analytics \- Credit rati…",2
290,Mortgage News Daily,,demographic,RSS_FEED,https://www.mortgagenewsdaily.com/feed,None,,MND Rates | English: Yes | License / ToS Note: Free; MND LLC; rate data behind app/API wall,2
291,MRI Contract Intelligence,,economic,UNKNOWN,mrisoftware.com/products/contract-intelligence,,Enterprise,What It Does: Enterprise lease abstraction. 25 languages. 500K+ docs processed. 90% time reduction. | Key Features: \- …,2
292,MSCI (MCP),,economic,MCP_CONNECTOR,msci.com,,Via connector,"What It Does: Real estate indices, ESG ratings, Real Capital Analytics. | Key Features: \- MSCI Real Estate indices \- …",2
293,Multi-Housing News,,housing_re,RSS_FEED,https://www.multihousingnews.com/feed/,None,,MHN Multifamily | English: Yes | License / ToS Note: CPE / MHN Media Group property,2
294,"Multifamily Loan Performance Data (MFLPD) — loan acquisition and performance, D…",,demographic,RAW_API,https://capitalmarkets.fanniemae.com/credit-risk-transfer/multifamily-credit-risk-transfer/multifamily-loan-performance…,,,"""Agency MF Loan Health"" ticker — DSCR distribution, delinquency rates | Property-Level: Yes (loan-level) | License: Fre…",2
295,"Multifamily Loan-Level Dataset — ~55 million loans 1999–2025, standard + non-st…",,housing_re,RAW_API,https://www.freddiemac.com/research/datasets,,,SF/MF credit quality heatmap; CDR/CPR time-series chart | Property-Level: Yes (loan-level) | License: Free; registratio…,2
296,Multifamily Outlook Quarterly PDF — latest: 2025 edition; archive at mf.freddie…,,housing_re,RAW_API,https://mf.freddiemac.com/docs/2025_multifamily_outlook.pdf,,,"""MF Market Forecast"" headline tile; vacancy/rent growth chart | Property-Level: No (aggregate) | License: Free",2
297,n8n,,demographic,UNKNOWN,n8n.io,,Free (self-host) / $20+/mo,What It Does: AI-native workflow automation. 400+ integrations. Open-source option. Mentioned in Terminal Stage 2 conne…,2
298,NAR Commercial Real Estate Market Insights,,housing_re,RAW_API,https://www.nar.realtor/commercial-real-estate-market-insights,Free PDF,,"Property Types: Office, Industrial, Retail, Multifamily, Hotel | Cadence & Lag: Quarterly[^73][^74] | Notes: Free; Aug …",2
299,NAREIT T-Tracker,,capital_markets,RAW_API,https://www.reit.com/sites/default/files/2025-05/Ttracker_2025Q1.pdf,Free PDF,,Cadence: Quarterly | Methodology: NOI/enterprise value[^90][^92],2
300,NASA FIRMS Active Fire Feed,,hazard_environmental,RSS_FEED,https://firms.modaps.eosdis.nasa.gov/api/area/csv/[MAP_KEY,Free MAP_KEY signup at https://firms.mo…,Fully free (MAP_KEY)[^64][^65][^66][^67],#: 22b | Cadence: Near real-time (within 3 hrs globally; real-time for US/Canada) | Map Layer / Alert Ticker: Active fi…,2
