"BLS LAUS (unemployment by county/MSA)",,"U.S. Bureau of Labor Statistics",,"POST https://api.bls.gov/publicAPI/v2/timeseries/data/","Free key at https://data.bls.gov/registrationEngine/ (v2 = 500 req/day, 50 series/query, 20 years; v1 = no key, 25 req/day, 25 series/query, 10 years)","Free","Monthly (3rd Friday after reference month)","county/MSA","BLS series ID (constructed from FIPS county/MSA code + measure); JSON output","No","500 daily queries (v2 with key)",,"""Unemployment Rate"" tile (county + MSA dual sparkline)","compass_artifact_wf-5f02d687-92af-4e88-a59b-55245ba3ca7c_text_markdown.md","line 25 CATEGORY 1","OK",,
"BLS QCEW (employment by NAICS by county)",,"BLS",,"https://data.bls.gov/cew/data/api/2024/a/area/04013.csv","None","Free","Quarterly (~5 months lag)","5-digit county FIPS, year, qtr (1-4 or a for annual), or NAICS code","CSV (also JSON via .json)","No","None published; courtesy use",,"""Employment by Industry"" tile (NAICS top-10 bar) + ""Total Establishments"" tile","compass_artifact_wf-5f02d687-92af-4e88-a59b-55245ba3ca7c_text_markdown.md","line 37 CATEGORY 1","OK",,
"Census ACS — Median Household Income (B19013) by tract",,"U.S. Census Bureau",,"https://api.census.gov/data/2023/acs/acs5?get=NAME,B19013_001E,B19013_001M&for=tract:*&in=state:04+county:013&key=YOUR_KEY","Free key at https://api.census.gov/data/key_signup.html","Free","Annual (5-yr release each December/January)","state+county FIPS, tract code","JSON (array of arrays)","Yes","500 variables/call, no published daily cap (heavy users may be throttled)",,"""Median Household Income"" tile","compass_artifact_wf-5f02d687-92af-4e88-a59b-55245ba3ca7c_text_markdown.md","line 49 CATEGORY 1","OK",,
"Census ACS — Poverty Rate (S1701 / B17001) by tract",,"Census Bureau",,"https://api.census.gov/data/2023/acs/acs5/subject?get=NAME,S1701_C03_001E&for=tract:*&in=state:04+county:013&key=YOUR_KEY","free Census key","Free","Annual","tract","JSON; S1701_C03_001E = % of population below poverty; alt B17001_002E / B17001_001E","Yes",,,"""Poverty Rate"" tile (color-coded for risk overlay)","compass_artifact_wf-5f02d687-92af-4e88-a59b-55245ba3ca7c_text_markdown.md","line 61 CATEGORY 1","OK",,
"Census County Business Patterns (CBP) — establishments by ZIP",,"Census Bureau",,"https://api.census.gov/data/2022/zbp?get=NAME,ESTAB,EMP,PAYANN&for=zipcode:85016&key=YOUR_KEY","free Census key","Free","Annual (~24-month lag; 2022 vintage is latest as of mid-2026)","ZIP or state+county FIPS; optional NAICS2017","JSON","Yes",,,"""Local Business Density"" tile (establishments + employees by ZIP)","compass_artifact_wf-5f02d687-92af-4e88-a59b-55245ba3ca7c_text_markdown.md","line 73 CATEGORY 1","OK",,
"Census ACS — Transportation to Work (B08301) by tract",,"Census Bureau",,"https://api.census.gov/data/2023/acs/acs5?get=group(B08301)&for=tract:610200&in=state:04+county:013&key=YOUR_KEY","free Census key","Free","Annual","tract","JSON; variables B08301_001E (total) through B08301_021E (worked from home)","Yes",,,"""Commute Mode Mix"" tile (drove alone / public transit / WFH donut chart)","compass_artifact_wf-5f02d687-92af-4e88-a59b-55245ba3ca7c_text_markdown.md","line 83 CATEGORY 1","OK",,
"Census ACS B01003 — Total Population",,"Census Bureau",,"https://api.census.gov/data/2023/acs/acs5?get=<vars>&for=tract:*&in=state:SS+county:CCC&key=KEY","free Census key","Free","Annual","tract/ZIP","B01003_001E total population; JSON","Yes",,,"""Tract Population""","compass_artifact_wf-5f02d687-92af-4e88-a59b-55245ba3ca7c_text_markdown.md","CATEGORY 2 line 99","OK",,
"Census ACS B01001 — Sex by Age",,"Census Bureau",,"https://api.census.gov/data/2023/acs/acs5?get=<vars>&for=tract:*&in=state:SS+county:CCC&key=KEY","free Census key","Free","Annual","tract/ZIP","B01001_001E total; B01001_011E+B01001_012E males 25-34; B01001_035E+B01001_036E females 25-34 (sum = key renter cohort); JSON","Yes",,,"""Age 25-34 Cohort %"" (peak multifamily renter demand)","compass_artifact_wf-5f02d687-92af-4e88-a59b-55245ba3ca7c_text_markdown.md","CATEGORY 2 line 100","OK",,
"Census ACS B11001 — Household Type",,"Census Bureau",,"https://api.census.gov/data/2023/acs/acs5?get=<vars>&for=tract:*&in=state:SS+county:CCC&key=KEY","free Census key","Free","Annual","tract/ZIP","B11001_001E total households; B11001_007E nonfamily; JSON","Yes",,,"""Household Count""","compass_artifact_wf-5f02d687-92af-4e88-a59b-55245ba3ca7c_text_markdown.md","CATEGORY 2 line 101","OK",,
"Census ACS B25001 / B25002 — Housing Units & Vacancy",,"Census Bureau",,"https://api.census.gov/data/2023/acs/acs5?get=<vars>&for=tract:*&in=state:SS+county:CCC&key=KEY","free Census key","Free","Annual","tract/ZIP","B25001_001E total housing units; B25002_002E occupied / B25002_003E vacant; JSON","Yes",,,"""Housing Units & Vacancy""","compass_artifact_wf-5f02d687-92af-4e88-a59b-55245ba3ca7c_text_markdown.md","CATEGORY 2 line 102","OK",,
"Census ACS B25003 — Tenure (Owner/Renter)",,"Census Bureau",,"https://api.census.gov/data/2023/acs/acs5?get=<vars>&for=tract:*&in=state:SS+county:CCC&key=KEY","free Census key","Free","Annual","tract/ZIP","B25003_001E total; B25003_002E owner-occupied; B25003_003E renter-occupied; JSON","Yes",,,"""Owner-vs-Renter Mix""","compass_artifact_wf-5f02d687-92af-4e88-a59b-55245ba3ca7c_text_markdown.md","CATEGORY 2 line 103","OK",,
"Census ACS B15003 — Educational Attainment",,"Census Bureau",,"https://api.census.gov/data/2023/acs/acs5?get=<vars>&for=tract:*&in=state:SS+county:CCC&key=KEY","free Census key","Free","Annual","tract/ZIP","B15003_022E bachelor's; B15003_023E master's; B15003_024E professional; B15003_025E doctoral; JSON","Yes",,,"""Educational Attainment (% Bachelor's+)""","compass_artifact_wf-5f02d687-92af-4e88-a59b-55245ba3ca7c_text_markdown.md","CATEGORY 2 line 104","OK",,
"Census ACS B25044 / B08201 — Vehicles Available",,"Census Bureau",,"https://api.census.gov/data/2023/acs/acs5?get=<vars>&for=tract:*&in=state:SS+county:CCC&key=KEY","free Census key","Free","Annual","tract/ZIP","B25044_001E total HH by vehicles; B25044_003E/_010E = 0 vehicles (owner/renter); JSON","Yes",,,"""Vehicle Ownership / Zero-Car HH %""","compass_artifact_wf-5f02d687-92af-4e88-a59b-55245ba3ca7c_text_markdown.md","CATEGORY 2 line 105","OK",,
"Census Geocoder (resolve street address → tract/county FIPS)",,"Census Bureau",,"https://geocoding.geo.census.gov/geocoder/geographies/onelineaddress?address=1600+Pennsylvania+Ave+NW,+Washington,+DC&benchmark=Public_AR_Current&vintage=Current_Current&format=json","None","Free","Continuously aligned with TIGER","address or lat/lng","JSON containing state FIPS, county FIPS, tract, block","Yes",,,"Backend resolver — feeds every ACS / tract-based tile in the panel","compass_artifact_wf-5f02d687-92af-4e88-a59b-55245ba3ca7c_text_markdown.md","line 109 CATEGORY 2","OK",,
"FEMA National Flood Hazard Layer (NFHL)",,"FEMA",,"https://hazards.fema.gov/arcgis/rest/services/public/NFHL/MapServer/28/query?geometry=-77.0369,38.9072&geometryType=esriGeometryPoint&inSR=4326&spatialRel=esriSpatialRelIntersects&outFields=FLD_ZONE,ZONE_SUBTY,STATIC_BFE&returnGeometry=false&f=geojson","None","Free","Continuously (LOMR/LOMA-driven; MaxRecordCount 2000)","lat/lng point","JSON / GeoJSON / PBF; key field FLD_ZONE (A, AE, AH, AO, V, VE, X, D)","Yes",,,"""Flood Zone"" tile (SFHA Y/N + BFE)","compass_artifact_wf-5f02d687-92af-4e88-a59b-55245ba3ca7c_text_markdown.md","line 120 CATEGORY 3","OK",,
"EPA Envirofacts — Superfund/SEMS",,"EPA",,"https://data.epa.gov/efservice/sems.envirofacts_site/zip_code/equals/85016/JSON","None","Free","Continuous EPA refresh; 15-min query cap per request","ZIP, city, county, state, or site name","JSON, CSV, XML, Excel","Not guaranteed — test required; consider proxy",,,"""Superfund Sites Nearby"" tile (count within 1/5/10 mi)","compass_artifact_wf-5f02d687-92af-4e88-a59b-55245ba3ca7c_text_markdown.md","line 129 CATEGORY 3","OK",,
"EPA TRI (Toxics Release Inventory)",,"EPA",,"https://data.epa.gov/efservice/tri_facility/zip_code/equals/85016/JSON","None","Free","Annual (each July for prior calendar year)","ZIP","JSON/CSV/XML","Test required",,,"""Industrial Pollution Score"" tile (count + lbs released within radius)","compass_artifact_wf-5f02d687-92af-4e88-a59b-55245ba3ca7c_text_markdown.md","line 138 CATEGORY 3","OK",,
"EPA Cleanups in My Community (CIMC) — Brownfields",,"EPA",,"https://map22.epa.gov/arcgis/rest/services/cimc/Cleanups/MapServer/0/query?where=PROGRAM%3D%27BROWNFIELDS%27&geometry=-77.05,38.88,-76.95,38.95&geometryType=esriGeometryEnvelope&inSR=4326&spatialRel=esriSpatialRelIntersects&outFields=*&f=json","None","Free","Twice monthly (last refresh 04/21/2025)","ArcGIS envelope or buffered point","JSON / GeoJSON","Yes",,,"""Brownfield Sites Nearby"" tile","compass_artifact_wf-5f02d687-92af-4e88-a59b-55245ba3ca7c_text_markdown.md","line 146 CATEGORY 3","OK",,
"USGS Seismic Design Web Services (NSHM)",,"USGS",,"https://earthquake.usgs.gov/ws/designmaps/asce7-22.json?latitude=34.05&longitude=-118.25&riskCategory=II&siteClass=D&title=LA-Test","None","Free","When a new NSHM model is published (2018 conterminous; 2021 Hawaii)","lat/lng + risk category + site class","JSON (SDS, SD1, PGA, Sa values; design and MCE spectra)","Yes","None published — courtesy use",,"""Seismic Design Category"" tile (SDC + design spectrum mini-chart)","compass_artifact_wf-5f02d687-92af-4e88-a59b-55245ba3ca7c_text_markdown.md","line 155 CATEGORY 3","OK",,
"NOAA Storm Events Database",,"NOAA",,"https://www.ncei.noaa.gov/pub/data/swdi/stormevents/csvfiles/","None","Free","Monthly, ~75-90 day lag","Year-stamped filenames; HTML search at https://www.ncei.noaa.gov/stormevents/","CSV","No",,,"""Severe Weather History (10-yr)"" tile (counts by event type within county)","compass_artifact_wf-5f02d687-92af-4e88-a59b-55245ba3ca7c_text_markdown.md","line 165 CATEGORY 3","OK",,
"CDC PLACES (health by tract)",,"CDC",,"https://data.cdc.gov/resource/cwsq-ngmh.json?$where=StateAbbr='AZ' AND CountyFIPS='04013' AND TractFIPS='04013610200'","Anonymous OK; free Socrata App Token recommended (X-App-Token header) at https://dev.socrata.com","Free","Annual","SoQL via state/county/tract FIPS; 40 chronic-disease and health-related measures per tract","JSON, CSV, GeoJSON via SODA","Yes","Anonymous throttled aggressively; with token: shared per-app",,"""Health Profile"" tile (obesity, smoking, mental-health %)","compass_artifact_wf-5f02d687-92af-4e88-a59b-55245ba3ca7c_text_markdown.md","line 174 CATEGORY 3","OK",,
"EPA Radon Zones (county map)",,"EPA",,"https://www.epa.gov/radon/find-information-about-local-radon-zones-and-state-contact-information","None","Free","Rare (decadal updates)","County FIPS","Static table; ingest once","N/A",,,"""Radon Risk Zone"" tile (1=highest, 3=lowest)","compass_artifact_wf-5f02d687-92af-4e88-a59b-55245ba3ca7c_text_markdown.md","line 184 CATEGORY 3","OK",,
"USFWS National Wetlands Inventory",,"USFWS",,"https://fwspublicservices.wim.usgs.gov/wetlandsmapservice/rest/services/Wetlands/MapServer/0/query?geometry=-77.0369,38.9072&geometryType=esriGeometryPoint&inSR=4326&spatialRel=esriSpatialRelIntersects&outFields=ATTRIBUTE,WETLAND_TYPE&returnGeometry=true&f=geojson","None","Free","Biannual","point geometry","JSON / GeoJSON (wetland classification code per Cowardin system)","Yes",,,"""Wetlands Designation"" tile (Y/N + type)","compass_artifact_wf-5f02d687-92af-4e88-a59b-55245ba3ca7c_text_markdown.md","line 193 CATEGORY 3","OK",,
"EPA AirNow (current AQI)",,"EPA",,"https://www.airnowapi.org/aq/observation/zipCode/current/?format=application/json&zipCode=85016&distance=25&API_KEY=YOUR_KEY","Free key at https://docs.airnowapi.org/account/request/","Free","Hourly observations; daily forecasts","ZIP or lat/lng + radius (miles)","JSON / XML / CSV / KML","No","500 calls/hr per web-service per key (separate budgets for ZIP-obs, latlng-obs, ZIP-forecast, latlng-forecast)",,"""Air Quality (AQI)"" tile (live + 24h trend)","compass_artifact_wf-5f02d687-92af-4e88-a59b-55245ba3ca7c_text_markdown.md","line 202 CATEGORY 3","OK",,
"EPA AQS (historical air quality)",,"EPA",,"https://aqs.epa.gov/data/api/dailyData/byCounty?email=YOU@example.com&key=YOUR_KEY&param=88101&bdate=20240101&edate=20241231&state=04&county=013","Free signup at https://aqs.epa.gov/aqsweb/documents/data_api.html#signup","Free","~6-month lag","param code (e.g., 88101 PM2.5), date range, geographic filter","JSON","Test required (likely proxy)","10 req/min, 5-sec courtesy pause, 1M rows/query cap",,"""Historical Air Quality (5-yr)"" tile","compass_artifact_wf-5f02d687-92af-4e88-a59b-55245ba3ca7c_text_markdown.md","line 212 CATEGORY 3","OK",,
"USDA NRCS Soil Data Access (SDA)",,"USDA NRCS",,"https://SDMDataAccess.sc.egov.usda.gov/Tabular/post.rest","None","Free","With each SSURGO release (annual+)","WKT point/polygon + SQL query (T-SQL flavor)","JSON / XML / WFS GML","No",,,"""Soil Suitability"" tile (drainage class, AASHTO group, hydric soil flag — useful for industrial/agri/site engineering)","compass_artifact_wf-5f02d687-92af-4e88-a59b-55245ba3ca7c_text_markdown.md","line 222 CATEGORY 3","OK",,
"FAA Airport Noise Contours",,"FAA",,"https://www.faa.gov/airports/environmental/airport_noise/noise_exposure_maps","None","Free","Per-airport, voluntary cadence","Airport identifier (manual)","Mostly PDF; some airports publish GIS shapefiles","N/A",,,"""Airport Noise Exposure"" tile (within DNL 65 dB Y/N) — only if backed by airport-specific layers","compass_artifact_wf-5f02d687-92af-4e88-a59b-55245ba3ca7c_text_markdown.md","line 231 CATEGORY 3","OK",,
"Walk Score API",,"Walk Score",,"https://api.walkscore.com/score?format=json&address=1119+8th+Avenue+Seattle+WA+98101&lat=47.6085&lon=-122.3295&transit=1&bike=1&wsapikey=YOUR_KEY","Free key (5,000 calls/day) at https://www.walkscore.com/professional/api-sign-up.php; paid tiers for higher limits and commercial use","Freemium","Refreshed every ~6 months","lat/lon + address; flags transit=1, bike=1 for Transit Score and Bike Score","JSON","No","5,000 calls/day on free tier",,"""Walk / Transit / Bike Score"" tile (3-score badge)","compass_artifact_wf-5f02d687-92af-4e88-a59b-55245ba3ca7c_text_markdown.md","line 242 CATEGORY 4","OK",,
"OpenStreetMap Overpass API (transit, amenities)",,"OpenStreetMap",,"https://overpass-api.de/api/interpreter","None","Free","Live OSM (minutes)","Overpass QL (around: meters, lat, lng)","JSON / XML / CSV","Yes","Polite use; ~10,000 results/query; alternate mirrors available",,"""Transit Stops Within 1 km"" tile + ""Amenities Nearby"" tile (groceries, restaurants, schools — by amenity= tag)","compass_artifact_wf-5f02d687-92af-4e88-a59b-55245ba3ca7c_text_markdown.md","line 252 CATEGORY 4","OK",,
"GreatSchools — NearbySchools API (2026)",,"GreatSchools",,"https://www.greatschools.org/api/","Paid; 14-day free trial; base plan 15,000 calls/month, max 300k calls","Paid",,,,,,,"School ratings — paid replacement after free public API retired","compass_artifact_wf-5f02d687-92af-4e88-a59b-55245ba3ca7c_text_markdown.md","line 262 CATEGORY 4","OK",,
"SchoolDigger API",,"SchoolDigger",,"https://api.schooldigger.com/v2.3/schools?st=AZ&zip=85016&appID=YOUR_APPID&appKey=YOUR_KEY","Free tier 1,500 calls/month (registration at https://developer.schooldigger.com/); paid tiers higher","Freemium","Annual school-year cycle","state, ZIP, lat/lng + distance","JSON","No",,,"""School Ratings"" tile (top-3 schools within 2 mi)","compass_artifact_wf-5f02d687-92af-4e88-a59b-55245ba3ca7c_text_markdown.md","line 266 CATEGORY 4","OK",,
"Open Charge Map (EV chargers)",,"Open Charge Map",,"https://api.openchargemap.io/v3/poi/?output=json&latitude=37.7749&longitude=-122.4194&distance=10&distanceunit=KM&maxresults=25&compact=true&key=YOUR_API_KEY","Free key at https://openchargemap.org/site/loginprovider/beginlogin?prompt=register","Free","Continuous (crowd + operator feeds)","lat/lng + radius, or boundingbox=","JSON / KML / GeoJSON","Yes","No hard cap; throttle/cache",,"""EV Charging Stations Nearby"" tile","compass_artifact_wf-5f02d687-92af-4e88-a59b-55245ba3ca7c_text_markdown.md","line 275 CATEGORY 4","OK",,
"FCC National Broadband Map (BDC) Public Data API",,"FCC",,"https://broadbandmap.fcc.gov/nbm/map/api/published/filing","BDC username + 44-character API token (free; obtain via ""Manage API Access"" after registering at https://bdc.fcc.gov/)","Free","Twice-yearly availability filings (June + December)","FCC Location ID (or filter by state/county/tech/speed); for direct address-to-Location ID resolution, license the Fabric (free for governments/non-profits)","JSON / CSV","No","Not publicly documented; per-token throttle",,"""Internet Service Availability"" tile (max download/upload, # of providers, fiber Y/N)","compass_artifact_wf-5f02d687-92af-4e88-a59b-55245ba3ca7c_text_markdown.md","line 285 CATEGORY 4","OK",,
"FBI Crime Data Explorer API",,"FBI",,"https://api.usa.gov/crime/fbi/cde/agency/byStateAbbr/AZ?API_KEY=YOUR_KEY","Free api.data.gov key at https://api.data.gov/signup/","Free","Annual (each fall for prior year)","state abbr, 9-char ORI agency code, date range","JSON","Yes","1,000 req/hr default (api.data.gov default)",,"""Crime Index"" tile — agency/ORI level (police department), NOT tract or ZIP","compass_artifact_wf-5f02d687-92af-4e88-a59b-55245ba3ca7c_text_markdown.md","line 295 CATEGORY 4","OK",,
"DOT FHWA — AADT (state DOT layers)",,"DOT FHWA / state DOTs",,"https://gis.data.ca.gov/datasets/...","None for state public services; NPMRDS requires RITIS sign-up (https://npmrds.ritis.org/)","Free","Annual (most DOTs)","lat/lng → spatial query against state's AADT FeatureServer","JSON / GeoJSON","Yes",,,"""Traffic Volume at Frontage"" tile (AADT on nearest roadway segment)","compass_artifact_wf-5f02d687-92af-4e88-a59b-55245ba3ca7c_text_markdown.md","line 305 CATEGORY 4","OK",,
"HUD Fair Market Rents API",,"HUD",,"https://www.huduser.gov/hudapi/public/fmr/data/0801499999?year=2026","Free bearer token at https://www.huduser.gov/hudapi/public/register?comingfrom=1 → My Account → Create New Token","Free","Annual (effective each October)","FIPS-based metro/county code + year; bearer token in Authorization header","JSON","No","Not publicly numbered",,"""Area Fair Market Rent (by Bedrooms)"" tile + ZIP-level Small-Area FMR comparison","compass_artifact_wf-5f02d687-92af-4e88-a59b-55245ba3ca7c_text_markdown.md","line 316 CATEGORY 5","OK",,
"HUD Income Limits API",,"HUD",,"https://www.huduser.gov/hudapi/public/il/data/0801499999?year=2025","same HUDUSER token","Free","Annual","FIPS-based metro/county code + year","JSON (50%, 80%, 30% AMI for 1-8 person HH)","No",,,"""Area Median Income / LIHTC Income Limits"" tile","compass_artifact_wf-5f02d687-92af-4e88-a59b-55245ba3ca7c_text_markdown.md","line 326 CATEGORY 5","OK",,
"HUD USPS Vacancy Data",,"HUD",,"https://www.huduser.gov/portal/usps/index.html","HUD-issued login (approval can take weeks)","Free","Quarterly","Census Tract","CSV","N/A",,,"""Address Vacancy (Residential + Business)"" tile — only if your firm qualifies for the sublicense","compass_artifact_wf-5f02d687-92af-4e88-a59b-55245ba3ca7c_text_markdown.md","line 335 CATEGORY 5","OK",,
"Census ACS — Housing Units (B25001/B25002)",,"Census Bureau",,,,"Free",,"tract/ZIP",,,,,"see Demographics #10","compass_artifact_wf-5f02d687-92af-4e88-a59b-55245ba3ca7c_text_markdown.md","line 345 CATEGORY 5","REVIEW",,
"Census Building Permits Survey (BPS)",,"Census Bureau",,"https://www.census.gov/construction/bps/","None","Free","Monthly preliminary (~12th workday) + revised (~17th)","filename pattern by YYMM","TXT (fixed-width) + Excel","No",,,"""Building Permits — 12-mo trend"" tile (MSA single-family + multifamily)","compass_artifact_wf-5f02d687-92af-4e88-a59b-55245ba3ca7c_text_markdown.md","line 347 CATEGORY 5","OK",,
"FHFA House Price Index",,"FHFA",,"https://www.fhfa.gov/data/hpi/datasets","Free FRED API key at https://fred.stlouisfed.org/docs/api/api_key.html","Free","Quarterly (MSA, county, tract); monthly (national, state, purchase-only)","FRED series ID per MSA (mapping table at FRED)","JSON (FRED) / CSV (FHFA)","Yes","120 req/min (FRED)",,"""MSA Home Price Index (10-yr Trend)"" tile","compass_artifact_wf-5f02d687-92af-4e88-a59b-55245ba3ca7c_text_markdown.md","line 356 CATEGORY 5","OK",,
"HUD Opportunity Zones (designated QOZ tracts)",,"HUD",,"https://services.arcgis.com/VTyQ9soqVukalItT/arcgis/rest/services/Opportunity_Zones/FeatureServer/0/query?geometry=-87.6298,41.8781&geometryType=esriGeometryPoint&inSR=4326&spatialRel=esriSpatialRelIntersects&outFields=GEOID10,STATE,COUNTY&returnGeometry=false&f=json","None","Free","Static 2018 designations (10-yr period); a new round under ""OZ 2.0"" is expected mid-2026","lat/lng point","JSON / GeoJSON","Yes",,,"""Opportunity Zone Y/N"" tile (key incentive flag for investors)","compass_artifact_wf-5f02d687-92af-4e88-a59b-55245ba3ca7c_text_markdown.md","line 366 CATEGORY 5","OK",,
"HUD LIHTC Properties",,"HUD",,"https://services.arcgis.com/VTyQ9soqVukalItT/arcgis/rest/services/LIHTC/FeatureServer/0/query?geometry=...&geometryType=esriGeometryEnvelope&...&f=geojson","None","Free","~Annual","ArcGIS spatial query (envelope or buffered point)","JSON / GeoJSON","Yes",,,"""LIHTC Properties Within Radius"" tile (competitive supply for affordable developers)","compass_artifact_wf-5f02d687-92af-4e88-a59b-55245ba3ca7c_text_markdown.md","line 375 CATEGORY 5","OK",,
"HUD Qualified Census Tracts (QCT)",,"HUD",,"https://services1.arcgis.com/FCaUeJ5SOVtImake/arcgis/rest/services/QCT_2025/FeatureServer/0/query?geometry=...&f=json","None","Free","Annual (2026 designations published September 2025)","point geometry","JSON / GeoJSON","Yes",,,"""Qualified Census Tract Y/N"" tile (LIHTC basis boost eligibility)","compass_artifact_wf-5f02d687-92af-4e88-a59b-55245ba3ca7c_text_markdown.md","line 384 CATEGORY 5","OK",,
"HUD Difficult Development Areas (DDA)",,"HUD",,"https://www.huduser.gov/portal/datasets/qct.html","None","Free","Annual (concurrent with QCT)",,"JSON / GeoJSON","Yes",,,"""DDA Y/N"" tile (30% basis boost eligibility)","compass_artifact_wf-5f02d687-92af-4e88-a59b-55245ba3ca7c_text_markdown.md","line 393 CATEGORY 5","OK",,
"EIA v2 — Retail Electricity Rates by State/Sector",,"EIA",,"https://api.eia.gov/v2/electricity/retail-sales/data/?api_key=YOUR_KEY&frequency=monthly&data[0]=price&data[1]=revenue&data[2]=sales&facets[stateid][]=CA&facets[sectorid][]=COM&start=2024-01&end=2026-04","Free key at https://www.eia.gov/opendata/register.php","Free","Monthly","stateid + sectorid (RES/COM/IND/TRA/ALL/OTH), date range","JSON","Yes","5,000 rows per page",,"""Avg Commercial Electricity Rate (¢/kWh)"" tile","compass_artifact_wf-5f02d687-92af-4e88-a59b-55245ba3ca7c_text_markdown.md","line 403 CATEGORY 6","OK",,
"NREL OpenEI — Utility Rates by ZIP (lookup utility from ZIP first)",,"NREL/NLR",,"https://developer.nlr.gov/api/utility_rates/v3.json?api_key=YOUR_KEY&address=85016","NREL/NLR developer key at https://developer.nlr.gov/signup/","Free","When EIA-861 refreshes","address OR lat+lon","JSON / XML","Yes","1,000 req/hr default",,"""Utility Provider + Avg Rates"" tile","compass_artifact_wf-5f02d687-92af-4e88-a59b-55245ba3ca7c_text_markdown.md","line 413 CATEGORY 6","OK",,
"NREL OpenEI URDB — Utility Rate Database (detailed tariffs)",,"NREL/NLR",,"https://api.openei.org/utility_rates?version=latest&format=json&detail=full&address=85016&api_key=YOUR_KEY","NREL/NLR key","Free","Continuously curated by NREL + crowd","address, lat+lon, or rate ID","JSON","Yes",,,"""Detailed Electric Tariff Structure"" tile (TOU, demand charges — critical for industrial CRE underwriting)","compass_artifact_wf-5f02d687-92af-4e88-a59b-55245ba3ca7c_text_markdown.md","line 423 CATEGORY 6","OK",,
"EIA v2 — Natural Gas Prices",,"EIA",,"https://api.eia.gov/v2/natural-gas/pri/sum/data/?api_key=YOUR_KEY&frequency=monthly&data[0]=value&facets[duoarea][]=SAZ&facets[process][]=PCS&start=2024-01","free EIA key","Free","Monthly","state code, process code","JSON","Yes",,,"""Avg Commercial Natural Gas Price"" tile","compass_artifact_wf-5f02d687-92af-4e88-a59b-55245ba3ca7c_text_markdown.md","line 432 CATEGORY 6","OK",,
"NREL PVWatts v8 — Solar Production Estimate",,"NREL/NLR",,"https://developer.nlr.gov/api/pvwatts/v8.json?api_key=YOUR_KEY&lat=33.45&lon=-112.07&system_capacity=100&module_type=0&losses=14&array_type=1&tilt=20&azimuth=180","NREL/NLR key","Free","When NSRDB TMY refreshes (last ~2020 TMY)","lat/lon + system specs","JSON (AC kWh/yr, monthly array, capacity factor)","Yes","1,000 req/hr",,"""Rooftop Solar Potential (kWh/yr per kW)"" tile (critical for industrial/distribution-center underwriting)","compass_artifact_wf-5f02d687-92af-4e88-a59b-55245ba3ca7c_text_markdown.md","line 441 CATEGORY 6","OK",,
"NREL NSRDB — Solar Resource Data",,"NREL/NLR",,"https://developer.nlr.gov/api/solar/solar_resource/v1.json?api_key=YOUR_KEY&lat=33.45&lon=-112.07","NREL/NLR key","Free",,"lat/lon","JSON (avg DNI, GHI, Tilt-at-Latitude monthly)","Yes",,,"Supplementary ""Solar Resource (kWh/m²/day)"" tile","compass_artifact_wf-5f02d687-92af-4e88-a59b-55245ba3ca7c_text_markdown.md","line 451 CATEGORY 6","OK",,
"Nationwide free zoning APIs by address",,,,,,,,,,,,,"None exist as fully free + nationwide. Zoneomics, Regrid (Landgrid), and ATTOM are all paid. Zoneomics offers 100,000 free tile calls for map overlay (no attribute query). Regrid offers a 7-day CC-gated trial only. Best free strategy: maintain a city-by-city ArcGIS REST registry","compass_artifact_wf-5f02d687-92af-4e88-a59b-55245ba3ca7c_text_markdown.md","line 460 CATEGORY 7","REVIEW",,
"NYC ZoLa / NYC DCP Zoning",,"NYC DCP",,"https://services5.arcgis.com/GfwWNkhOj9bNBqoJ/arcgis/rest/services/nyzd/FeatureServer/0/query?geometry=-73.9855,40.7580&geometryType=esriGeometryPoint&inSR=4326&spatialRel=esriSpatialRelIntersects&outFields=ZONEDIST,ZONEDIST_SIMPLE&returnGeometry=false&f=geojson","None","Free","When DCP changes (multiple times/yr); MaxRecordCount 4000","point geometry","JSON / GeoJSON / PBF; ZONEDIST like ""R9-1"", ""C6-2A""","Yes",,,"""Zoning District"" tile (NYC) — sibling layers for commercial overlays, special districts","compass_artifact_wf-5f02d687-92af-4e88-a59b-55245ba3ca7c_text_markdown.md","line 463 CATEGORY 7","OK",,
"LA City / LA County Zoning",,"LA City / LA County",,"https://geohub.lacity.org/datasets/lahub::zoning/about","None","Free",,"ArcGIS point query","JSON / GeoJSON","Yes",,,"""Zoning District"" (LA market)","compass_artifact_wf-5f02d687-92af-4e88-a59b-55245ba3ca7c_text_markdown.md","line 471 CATEGORY 7","OK",,
"Chicago Zoning",,"City of Chicago",,"https://data.cityofchicago.org/resource/7cve-jgbp.geojson?$where=within_circle(the_geom,41.8781,-87.6298,500)","Free Socrata App Token (X-App-Token) at https://dev.socrata.com","Free","With ordinance changes","SoQL $where with spatial functions","JSON / GeoJSON / CSV / XML","Yes",,,"""Zoning District"" (Chicago)","compass_artifact_wf-5f02d687-92af-4e88-a59b-55245ba3ca7c_text_markdown.md","line 478 CATEGORY 7","OK",,
"Houston permitting (no zoning — but permits available)",,"City of Houston",,"https://data.houstontx.gov/resource/...",,"Free",,,,"Yes",,,"""Building Permit History"" tile","compass_artifact_wf-5f02d687-92af-4e88-a59b-55245ba3ca7c_text_markdown.md","line 487 CATEGORY 7","OK",,
"NLCD / MRLC — National Land Cover",,"MRLC",,"https://www.mrlc.gov/geoserver/wms?SERVICE=WMS&VERSION=1.3.0&REQUEST=GetCapabilities","None","Free","Annual NLCD CONUS Collection 1.0 most recent (annual cadence now)","WMS GetFeatureInfo (bbox + pixel x/y) OR WCS GetCoverage (subset)","PNG/JPG (visual); JSON (GetFeatureInfo); GeoTIFF (WCS)","Test required — MRLC GeoServer typically allows",,,"""Land Cover Class (current + 20-yr change)"" tile (developed/forest/cropland/water)","compass_artifact_wf-5f02d687-92af-4e88-a59b-55245ba3ca7c_text_markdown.md","line 492 CATEGORY 7","OK",,
"Bank of Israel — Representative USD/ILS rate (SDMX EDGE)",,"Bank of Israel",,"https://edge.boi.org.il/FusionEdgeServer/sdmx/v2/data/dataflow/BOI.STATISTICS/EXR/1.0/RER_USD_ILS?format=sdmx-json&lastNObservations=1","None","Free","Daily (business days, ~3 PM Israel time)","SDMX key (e.g., RER_USD_ILS, RER_EUR_ILS, RER_GBP_ILS) + optional date range + format","SDMX-JSON / SDMX-XML / CSV / Excel-series / Excel-table","Test required (newer Fusion EDGE typically allows; if not, proxy)",,,"""USD/ILS FX Rate"" tile (essential for cross-border CRE deals)","compass_artifact_wf-5f02d687-92af-4e88-a59b-55245ba3ca7c_text_markdown.md","line 503 CATEGORY 8","OK",,
"Bank of Israel — Policy Interest Rate (SDMX EDGE)",,"Bank of Israel",,"https://edge.boi.org.il/FusionEdgeServer/sdmx/v2/data/dataflow/BOI.STATISTICS/IR/1.0/IR_BOI_RATE?format=sdmx-json&lastNObservations=24","None","Free","After each Monetary Committee decision (~8/year)","BOI rate series key","SDMX-JSON / CSV","Test required",,,"""BOI Policy Rate"" tile (Israeli mortgage rate proxy)","compass_artifact_wf-5f02d687-92af-4e88-a59b-55245ba3ca7c_text_markdown.md","line 512 CATEGORY 8","OK",,
"CBS (Central Bureau of Statistics, Lamas) — Housing Price Index, CPI, Construction",,"CBS Lamas",,"https://apis.cbs.gov.il/SDMX/DATA/IMF/ECOFIN_CBS/1","None","Free","Monthly (15th @ 6:30 PM Israel time for prices); quarterly (housing)","SDMX dataflow + series key","SDMX-XML / SDMX-JSON / CSV","Test required",,,"""Israel National Dwelling Price Index"" tile, ""Israel CPI Housing"" tile, ""Construction Starts (quarterly)"" tile","compass_artifact_wf-5f02d687-92af-4e88-a59b-55245ba3ca7c_text_markdown.md","line 521 CATEGORY 8","OK",,
"Tel Aviv Stock Exchange (TASE) Open API",,"TASE",,"https://openapi.tase.co.il/tase/prod/","Register at openapi.tase.co.il → create App → receive client_id + client_secret → subscribe to a Plan (some FREE basic plans, most are PAID monthly subscriptions)","Freemium","EoD daily; some intraday products","OAuth2 access token; product-specific path parameters","JSON","No",,,"""TA-Real Estate Index"" tile (Israeli REIT benchmark)","compass_artifact_wf-5f02d687-92af-4e88-a59b-55245ba3ca7c_text_markdown.md","line 530 CATEGORY 8","OK",,
"data.gov.il — CKAN Open Data API",,"data.gov.il",,"https://data.gov.il/api/3/action/package_search?q=real+estate","Anonymous works for public datasets; API key needed for writes","Free","Per-dataset (varies)","standard CKAN actions (package_list, package_show, datastore_search, datastore_search_sql)","JSON","Yes",,,"""Israeli Transactions Lookup"" — e.g., nadlan.gov.il (real-estate transactions) datasets are mirrored here","compass_artifact_wf-5f02d687-92af-4e88-a59b-55245ba3ca7c_text_markdown.md","line 539 CATEGORY 8","OK",,
"Israeli mortgage rates",,"Bank of Israel",,"https://www.boi.org.il/en/economic-roles/statistics/banking-statistics/",,"Free","Monthly",,,,,,"""Israeli Avg Mortgage Rate (5-yr Fixed)"" tile","compass_artifact_wf-5f02d687-92af-4e88-a59b-55245ba3ca7c_text_markdown.md","line 548 CATEGORY 8","OK",,
"HUD-USPS ZIP↔Tract Crosswalk API",,"HUD",,"https://www.huduser.gov/hudapi/public/usps?type=1&query=85016&year=2025","HUDUSER bearer token (same as FMR)","Free","Quarterly","type: 1=ZIP-TRACT, 2=ZIP-COUNTY, 3=ZIP-CBSA, etc.","JSON","No",,,"Backend reverse-lookup (ZIP→tract list) for tile aggregation","compass_artifact_wf-5f02d687-92af-4e88-a59b-55245ba3ca7c_text_markdown.md","line 556 Helper / Misc","OK",,
"FRED API (St. Louis Fed) — macro context",,"St. Louis Fed",,"https://api.stlouisfed.org/fred/series/observations?series_id=DGS10&api_key=YOUR_KEY&file_type=json","Free key at https://fred.stlouisfed.org/docs/api/api_key.html","Free","Real-time as series refresh",,"JSON / XML / CSV","Yes","120 req/min",,"""10-yr Treasury"", ""30-yr Mortgage"", ""MSA HPI Trend"" — all CRE underwriting fundamentals","compass_artifact_wf-5f02d687-92af-4e88-a59b-55245ba3ca7c_text_markdown.md","line 564 Helper / Misc","OK",,
