"GDELT DOC 2.0 — Base Endpoint",,"GDELT",,"https://api.gdeltproject.org/api/v2/doc/doc","No API key required. No registration.",,,,,,"IP-based soft throttle on heavy bursts",,"Live news tiles, CRE News Ticker","CRE Intelligence Terminal — Production-Ready API Recipe Book.md","Section 1 / Lines 9-15",,,
"GDELT DOC 2.0 — Canonical 24-Hour CRE Query (ArtList, JSON)",,"GDELT",,"https://api.gdeltproject.org/api/v2/doc/doc?query=(CMBS%20OR%20%22office%20vacancy%22%20OR%20%22commercial%20real%20estate%20distress%22)&mode=artlist&format=json&timespan=24h&maxrecords=250&sort=datedesc","No API key",,"15-min update cycle",,,,"IP-based soft throttle",,"CRE News Ticker","CRE Intelligence Terminal — Production-Ready API Recipe Book.md","Section 1 / Lines 19-23",,,
"GDELT DOC 2.0 — Variant Last 7 days",,"GDELT",,"&timespan=7d","No API key",,,,,,,,"Variant for 7-day window","CRE Intelligence Terminal — Production-Ready API Recipe Book.md","Section 1 / Line 31",,,
"GDELT DOC 2.0 — Variant Last 30 days",,"GDELT",,"&timespan=30d","No API key",,,,,,,,"Variant for 30-day window","CRE Intelligence Terminal — Production-Ready API Recipe Book.md","Section 1 / Line 32",,,
"GDELT DOC 2.0 — Variant English only",,"GDELT",,"sourcelang:english","No API key",,,,,,,,"Variant English-only filter","CRE Intelligence Terminal — Production-Ready API Recipe Book.md","Section 1 / Line 33",,,
"GDELT DOC 2.0 — Variant US-sourced only",,"GDELT",,"sourcecountry:US","No API key",,,,,,,,"Variant US-source filter","CRE Intelligence Terminal — Production-Ready API Recipe Book.md","Section 1 / Line 34",,,
"GDELT DOC 2.0 — Variant JSON output",,"GDELT",,"&format=json","No API key",,,,,,,,"Variant JSON output","CRE Intelligence Terminal — Production-Ready API Recipe Book.md","Section 1 / Line 35",,,
"GDELT DOC 2.0 — Variant CSV output",,"GDELT",,"&format=csv","No API key",,,,,,,,"Variant CSV output","CRE Intelligence Terminal — Production-Ready API Recipe Book.md","Section 1 / Line 36",,,
"GDELT DOC 2.0 — Variant ArtList mode",,"GDELT",,"&mode=artlist","No API key",,,,,,,,"Article list mode","CRE Intelligence Terminal — Production-Ready API Recipe Book.md","Section 1 / Line 37",,,
"GDELT DOC 2.0 — Variant TimelineVol mode",,"GDELT",,"&mode=timelinevol","No API key",,,,,,,,"Volume % of global coverage","CRE Intelligence Terminal — Production-Ready API Recipe Book.md","Section 1 / Line 38",,,
"GDELT DOC 2.0 — Variant ToneChart mode",,"GDELT",,"&mode=tonechart","No API key",,,,,,,,"Emotional histogram","CRE Intelligence Terminal — Production-Ready API Recipe Book.md","Section 1 / Line 39",,,
"GDELT DOC 2.0 — 7-Day English US-Only JSON",,"GDELT",,"https://api.gdeltproject.org/api/v2/doc/doc?query=(CMBS%20OR%20%22office%20vacancy%22%20OR%20%22commercial%20real%20estate%20distress%22)%20sourcecountry:US%20sourcelang:english&mode=artlist&format=json&timespan=7d&maxrecords=250&sort=datedesc","No API key",,"15-min update",,,,"IP-based soft throttle",,"CRE News Ticker 7-day variant","CRE Intelligence Terminal — Production-Ready API Recipe Book.md","Section 1 / Lines 43-45",,,
"GDELT DOC 2.0 — 30-Day TimelineVol CSV",,"GDELT",,"https://api.gdeltproject.org/api/v2/doc/doc?query=(CMBS%20OR%20%22office%20vacancy%22%20OR%20%22commercial%20real%20estate%20distress%22)%20sourcecountry:US&mode=timelinevol&format=csv&timespan=30d","No API key",,"15-min update",,"CSV",,"IP-based soft throttle",,"Coverage volume chart, Topic Volume Sparkline","CRE Intelligence Terminal — Production-Ready API Recipe Book.md","Section 1 / Lines 49-51",,,
"GDELT DOC 2.0 — ToneChart Sentiment JSON",,"GDELT",,"https://api.gdeltproject.org/api/v2/doc/doc?query=(CMBS%20OR%20%22office%20vacancy%22%20OR%20%22commercial%20real%20estate%20distress%22)%20sourcecountry:US&mode=tonechart&format=json&timespan=30d","No API key",,"15-min update",,"JSON",,"IP-based soft throttle",,"Sentiment histogram","CRE Intelligence Terminal — Production-Ready API Recipe Book.md","Section 1 / Lines 55-57",,,
"GDELT DOC 2.0 — Python httpx Example Endpoint",,"GDELT",,"https://api.gdeltproject.org/api/v2/doc/doc","No API key",,"15-min update",,"JSON",,"IP-based soft throttle",,"Python integration example","CRE Intelligence Terminal — Production-Ready API Recipe Book.md","Section 1 / Lines 80-99",,,
"GDELT DOC 2.0 — curl Example Endpoint",,"GDELT",,"https://api.gdeltproject.org/api/v2/doc/doc","No API key",,,,,,"IP-based soft throttle",,"curl integration example","CRE Intelligence Terminal — Production-Ready API Recipe Book.md","Section 1 / Lines 103-111",,,
"GDELT DOC 2.0 — GKG Theme Filter Query",,"GDELT",,"https://api.gdeltproject.org/api/v2/doc/doc?query=(theme:ECON_HOUSING%20OR%20theme:REAL_ESTATE%20OR%20theme:ECON_BANKRUPTCY%20OR%20theme:EPU_CATS_REGULATION)%20sourcecountry:US&mode=artlist&format=json&timespan=7d&maxrecords=250","No API key",,"15-min update",,"JSON",,"IP-based soft throttle",,"Housing/Real estate distress themes filter","CRE Intelligence Terminal — Production-Ready API Recipe Book.md","Section 1 / Lines 128-131",,,
"GDELT GKG Theme Lookup",,"GDELT",,"https://api.gdeltproject.org/api/v2/summary/summary?d=web&t=themes","No API key",,,,,,,,"Full GKG Theme master list lookup","CRE Intelligence Terminal — Production-Ready API Recipe Book.md","Section 1 / Lines 133-136",,,
"GDELT GKG 2.0 Raw File Download",,"GDELT",,"http://data.gdeltproject.org/gdeltv2/YYYYMMDDHHMMSS.gkg.csv.zip","No API key",,"Every 15 min",,"CSV (zipped)",,,,"GKG full file download","CRE Intelligence Terminal — Production-Ready API Recipe Book.md","Section 1 / Line 140",,,
"GDELT — Master Reference Table Row (DOC 2.0 CRE News Ticker)",,"GDELT",,"https://api.gdeltproject.org/api/v2/doc/doc?query=(CMBS OR ""office vacancy"")sourcecountry:US&mode=artlist&format=json&timespan=24h&maxrecords=250&sort=datedesc","None",,"15-min update",,"JSON / CSV / RSS",,"Soft IP throttle (no hard limit)",,"CRE News Ticker","CRE Intelligence Terminal — Production-Ready API Recipe Book.md","Master Reference Table / Line 613",,,
"GDELT — Master Reference Table Row (GKG Theme Topic Volume Sparkline)",,"GDELT",,"https://api.gdeltproject.org/api/v2/doc/doc?query=(theme:ECON_HOUSING OR theme:REAL_ESTATE)sourcecountry:US&mode=timelinevol&format=json&timespan=30d","None",,"15-min",,"JSON",,"Soft IP throttle",,"Topic Volume Sparkline","CRE Intelligence Terminal — Production-Ready API Recipe Book.md","Master Reference Table / Line 614",,,
"Federal Register API v1 — Base Endpoint",,"Federal Register",,"https://www.federalregister.gov/api/v1/documents.json","No API key required. Free, open.",,,,,,"No rate limit published",,"Regulatory Event Marker","CRE Intelligence Terminal — Production-Ready API Recipe Book.md","Section 2 / Lines 146-152",,,
"Federal Register API v1 — Canonical CRE Regulatory Monitoring Query",,"Federal Register",,"https://www.federalregister.gov/api/v1/documents.json?conditions[term]=real+estate+mortgage+CMBS+multifamily+affordable+housing&conditions[agencies][]=securities-and-exchange-commission&conditions[agencies][]=housing-and-urban-development-department&conditions[agencies][]=federal-deposit-insurance-corporation&conditions[agencies][]=comptroller-of-the-currency&conditions[agencies][]=federal-housing-finance-agency&conditions[agencies][]=consumer-financial-protection-bureau&conditions[agencies][]=financial-crimes-enforcement-network&conditions[agencies][]=treasury-department&conditions[type][]=RULE&conditions[type][]=PRORULE&conditions[publication_date][gte]=2024-01-01&conditions[publication_date][lte]=2026-12-31&per_page=40&page=1&order=newest&fields[]=document_number&fields[]=title&fields[]=agency_names&fields[]=publication_date&fields[]=type&fields[]=abstract&fields[]=html_url&fields[]=pdf_url","No API key",,,,"document_number, title, agency_names, publication_date, type, abstract, html_url, pdf_url",,,,"Returns RULE + PRORULE documents from SEC, HUD, FDIC, OCC, FHFA, CFPB, FinCEN, Treasury mentioning CRE terms","CRE Intelligence Terminal — Production-Ready API Recipe Book.md","Section 2 / Lines 158-162",,,
"Federal Register API v1 — Public Inspection Documents",,"Federal Register",,"https://www.federalregister.gov/api/v1/public-inspection-documents.json?conditions[agencies][]=federal-housing-finance-agency&conditions[agencies][]=housing-and-urban-development-department&per_page=40","No API key",,"Daily",,"JSON",,,,"Next-Day Rules Alert (documents filed for next-day publication)","CRE Intelligence Terminal — Production-Ready API Recipe Book.md","Section 2 / Lines 229-231",,,
"Federal Register — RSS Feed FHFA Agency",,"Federal Register",,"https://www.federalregister.gov/agencies/federal-housing-finance-agency.rss","No API key",,,,"RSS",,,,"Agency RSS feed for FHFA rules","CRE Intelligence Terminal — Production-Ready API Recipe Book.md","Section 2 / Lines 239-241",,,
"Federal Register — RSS Feed Full-Text Search ""commercial real estate""",,"Federal Register",,"https://www.federalregister.gov/documents/search.rss?conditions[term]=commercial+real+estate","No API key",,,,"RSS",,,,"Full-text search RSS feed","CRE Intelligence Terminal — Production-Ready API Recipe Book.md","Section 2 / Lines 244-246",,,
"Federal Register API v1 — curl Example",,"Federal Register",,"https://www.federalregister.gov/api/v1/documents.json","No API key",,,,,,,,"curl integration example with CMBS multifamily filter","CRE Intelligence Terminal — Production-Ready API Recipe Book.md","Section 2 / Lines 252-260",,,
"Federal Register API v1 — Python httpx Example",,"Federal Register",,"https://www.federalregister.gov/api/v1/documents.json","No API key",,,,"JSON",,,,"Python integration example","CRE Intelligence Terminal — Production-Ready API Recipe Book.md","Section 2 / Lines 264-278",,,
"Federal Register — Agency List Endpoint",,"Federal Register",,"https://www.federalregister.gov/api/v1/agencies.json","No API key",,,,,,,,"Agency slug validation list","CRE Intelligence Terminal — Production-Ready API Recipe Book.md","Hardening Notes / Line 702",,,
"Federal Register API — Master Reference Table Row",,"Federal Register",,"https://www.federalregister.gov/api/v1/documents.json?conditions[term]=CMBS+multifamily&conditions[agencies][]=federal-housing-finance-agency&conditions[type][]=RULE&conditions[publication_date][gte]=2024-01-01&per_page=40","None",,"Daily (business days)",,"JSON",,"None documented",,"Regulatory Event Marker","CRE Intelligence Terminal — Production-Ready API Recipe Book.md","Master Reference Table / Line 615",,,
"Fed Register Public Inspection — Master Reference Table Row",,"Federal Register",,"https://www.federalregister.gov/api/v1/public-inspection-documents.json?conditions[agencies][]=housing-and-urban-development-department&per_page=20","None",,"Daily",,"JSON",,"None",,"Next-Day Rules Alert","CRE Intelligence Terminal — Production-Ready API Recipe Book.md","Master Reference Table / Line 616",,,
"FOMC Calendar — Source A Federal Reserve Board Web Page",,"Federal Reserve Board",,"https://www.federalreserve.gov/monetarypolicy/fomccalendars.htm","No API key",,"Annually + updates",,"HTML",,,,"FOMC Countdown Clock (scrape HTML table)","CRE Intelligence Terminal — Production-Ready API Recipe Book.md","Section 3 / Lines 286-292",,,
"FOMC Calendar — Source A Chicago Fed Mirror",,"Chicago Fed",,"https://www.chicagofed.org/utilities/about-us/federal-reserve-calendars","No API key",,,,"HTML",,,,"FOMC dates mirror","CRE Intelligence Terminal — Production-Ready API Recipe Book.md","Section 3 / Line 292",,,
"FOMC Calendar — Source B FRED DFEDTARU Series",,"FRED",,"https://api.stlouisfed.org/fred/series/observations?series_id=DFEDTARU&api_key=YOUR_KEY&file_type=json&observation_start=2024-01-01","Free key",,"Daily",,"JSON",,,,"Fed Funds Target Rate Upper Bound; observation dates with value changes = FOMC decision dates","CRE Intelligence Terminal — Production-Ready API Recipe Book.md","Section 3 / Lines 318-322",,,
"FOMC Calendar — FRED Key Signup",,"FRED",,"https://fred.stlouisfed.org/docs/api/api_key.html","No API key (for signup)",,,,,,,,"Free FRED API key signup","CRE Intelligence Terminal — Production-Ready API Recipe Book.md","Section 3 / Line 322",,,
"FOMC Calendar — FRED GDPNOW Series Page",,"FRED",,"https://fred.stlouisfed.org/series/GDPNOW","Free key",,,,,,,,"GDPNow nowcast series on FRED","CRE Intelligence Terminal — Production-Ready API Recipe Book.md","Section 3 / Lines 325-327",,,
"FOMC Calendar — Source C Google iCal Feed",,"Third-Party / Google Calendar",,"https://calendar.google.com/calendar/ical/federalreserve.gov_bfs62ka1en9okm2e6o4r9mbu8s%40group.calendar.google.com/public/basic.ics","No API key",,,,"iCal",,,,"Public iCal feed maintained via CME Group FedWatch","CRE Intelligence Terminal — Production-Ready API Recipe Book.md","Section 3 / Lines 336-338",,,
"FOMC Calendar — Source C GitHub datasets/fomc-dates CSV",,"GitHub datasets/fomc-dates",,"https://raw.githubusercontent.com/datasets/fomc-dates/main/data/fomc-meetings.csv","No API key",,"Within days of Fed announcement",,"CSV",,,,"Community-maintained CSV of historical and forward FOMC dates","CRE Intelligence Terminal — Production-Ready API Recipe Book.md","Section 3 / Lines 342-344",,,
"FOMC Calendar — Programmatic parse from Fed HTML (Python)",,"Federal Reserve Board",,"https://www.federalreserve.gov/monetarypolicy/fomccalendars.htm","No API key",,,,"HTML",,,,"Python BeautifulSoup scrape example","CRE Intelligence Terminal — Production-Ready API Recipe Book.md","Section 3 / Lines 350-357",,,
"FOMC Calendar — Master Reference Table Row",,"Federal Reserve Board",,"https://www.federalreserve.gov/monetarypolicy/fomccalendars.htm","None",,"Annually + updates",,"HTML",,"None",,"FOMC Countdown Clock","CRE Intelligence Terminal — Production-Ready API Recipe Book.md","Master Reference Table / Line 617",,,
"FRED DFEDTARU — Master Reference Table Row",,"FRED",,"https://api.stlouisfed.org/fred/series/observations?series_id=DFEDTARU&api_key=KEY&file_type=json","Free key",,"Daily",,"JSON / XML",,"1,000/day (unregistered); unlimited registered",,"Fed Funds Rate Tile","CRE Intelligence Terminal — Production-Ready API Recipe Book.md","Master Reference Table / Line 618",,,
"SEC EDGAR — Submissions by Company",,"SEC",,"https://data.sec.gov/submissions/CIK0000315966.json","No API key",,"Real-time",,"JSON: cik, entityType, sic, sicDescription, name, filings.recent (form, filingDate, accessionNumber, primaryDocument)",,"Max 10 req/sec",,"Issuer Filing Feed; Equity Commonwealth example","CRE Intelligence Terminal — Production-Ready API Recipe Book.md","Section 4 / Lines 365-370",,,
"SEC EDGAR Full-Text Search (EFTS) — CMBS Query",,"SEC",,"https://efts.sec.gov/LATEST/search-index?q=%22CMBS%22+%22commercial+real+estate%22&dateRange=custom&startdt=2024-01-01&enddt=2026-12-31&forms=10-K,10-Q,8-K&hits.hits._source=period_of_report,entity_name,file_date,form_type,biz_location","No API key",,"Real-time",,"JSON: period_of_report, entity_name, file_date, form_type, biz_location",,"10 req/sec",,"EDGAR Filing Stream; SIC 6500-6599 Real Estate screen","CRE Intelligence Terminal — Production-Ready API Recipe Book.md","Section 4 / Lines 374-378",,,
"SEC EDGAR EFTS — Human-Facing Office Vacancy Query",,"SEC",,"https://efts.sec.gov/LATEST/search-index?q=%22office+vacancy%22+%22CMBS%22&forms=8-K&dateRange=custom&startdt=2025-01-01&enddt=2026-12-31","No API key",,"Real-time",,"JSON",,"10 req/sec",,"8-K filings mentioning office vacancy / CMBS","CRE Intelligence Terminal — Production-Ready API Recipe Book.md","Section 4 / Lines 380-383",,,
"SEC EDGAR EFTS — Base URL",,"SEC",,"https://efts.sec.gov/LATEST/search-index","No API key",,"Real-time",,"JSON",,"10 req/sec",,"Full-text search base endpoint","CRE Intelligence Terminal — Production-Ready API Recipe Book.md","Section 4 / Lines 385-388",,,
"SEC EDGAR EFTS — Form D Filings (Private RE Fundraises)",,"SEC",,"https://efts.sec.gov/LATEST/search-index?q=%22commercial+real+estate%22+%22multifamily%22&forms=D&dateRange=custom&startdt=2025-01-01&enddt=2026-12-31","No API key",,"Real-time",,"JSON",,"10 req/sec",,"Form D private real estate fundraises","CRE Intelligence Terminal — Production-Ready API Recipe Book.md","Section 4 / Lines 392-395",,,
"SEC EDGAR — RSS Feed Real-Time SIC 6552",,"SEC",,"https://www.sec.gov/cgi-bin/browse-edgar?action=getcompany&type=8-K&dateb=&owner=include&count=40&search_text=&SIC=6552&output=atom","No API key",,"Real-time",,"Atom/RSS",,"10 req/sec",,"Real-time EDGAR filings RSS for SIC 6500 region (Land Subdividers & Developers 6552)","CRE Intelligence Terminal — Production-Ready API Recipe Book.md","Section 4 / Lines 397-400",,,
"SEC EDGAR EFTS — Master Reference Table Row",,"SEC",,"https://efts.sec.gov/LATEST/search-index?q=""CMBS""+""commercial+real+estate""&forms=8-K,10-K&dateRange=custom&startdt=2025-01-01&enddt=2026-12-31","None",,"Real-time (filed same day)",,"JSON",,"10 req/sec",,"EDGAR Filing Stream","CRE Intelligence Terminal — Production-Ready API Recipe Book.md","Master Reference Table / Line 619",,,
"SEC EDGAR Submissions — Master Reference Table Row",,"SEC",,"https://data.sec.gov/submissions/CIK0000315966.json","None",,"Real-time",,"JSON",,"10 req/sec",,"Issuer Filing Feed","CRE Intelligence Terminal — Production-Ready API Recipe Book.md","Master Reference Table / Line 620",,,
"SEC Developer Resources Page",,"SEC",,"https://www.sec.gov/about/developer-resources","No API key",,,,,,,,"Monitor for breaking changes to EDGAR APIs","CRE Intelligence Terminal — Production-Ready API Recipe Book.md","Hardening Notes / Line 700",,,
"Regulations.gov v4 — Base Endpoint",,"Regulations.gov",,"https://api.regulations.gov/v4/documents","Free api.data.gov key required",,,,,,"1,000 requests/hour per key. DEMO_KEY: 30/hour, 50/day",,"Open Rulemaking Docket","CRE Intelligence Terminal — Production-Ready API Recipe Book.md","Section 5 / Lines 407-418",,,
"Regulations.gov v4 — API Key Signup",,"Regulations.gov / api.data.gov",,"https://open.gsa.gov/api/regulationsgov/","Free api.data.gov key signup",,,,,,,,"API key signup page","CRE Intelligence Terminal — Production-Ready API Recipe Book.md","Section 5 / Lines 413-416",,,
"Regulations.gov v4 — CRE Docket Query HUD Proposed Rules",,"Regulations.gov",,"https://api.regulations.gov/v4/documents?filter[agencyId]=HUD&filter[documentType]=Proposed Rule&filter[postedDate][ge]=2024-01-01&page[size]=25&page[number]=1&api_key=YOUR_KEY","Free api.data.gov key","Free","Daily",,"JSON",,"1,000 req/hour",,"HUD open rules","CRE Intelligence Terminal — Production-Ready API Recipe Book.md","Section 5 / Lines 422-424",,,
"Regulations.gov v4 — FHFA Proposed Rules",,"Regulations.gov",,"https://api.regulations.gov/v4/documents?filter[agencyId]=FHFA&filter[documentType]=Proposed Rule&filter[postedDate][ge]=2024-01-01&page[size]=25&api_key=YOUR_KEY","Free api.data.gov key","Free","Daily",,"JSON",,"1,000 req/hour",,"FHFA open rules","CRE Intelligence Terminal — Production-Ready API Recipe Book.md","Section 5 / Lines 427-429",,,
"Regulations.gov v4 — Full Docket Keyword Search ""real estate""",,"Regulations.gov",,"https://api.regulations.gov/v4/documents?filter[searchTerm]=real+estate+CMBS+mortgage&filter[documentType]=Proposed Rule&page[size]=25&api_key=YOUR_KEY","Free api.data.gov key","Free","Daily",,"JSON",,"1,000 req/hour",,"Full docket search ""real estate CMBS mortgage""","CRE Intelligence Terminal — Production-Ready API Recipe Book.md","Section 5 / Lines 432-434",,,
"Regulations.gov v4 — Docket Details Endpoint",,"Regulations.gov",,"https://api.regulations.gov/v4/dockets/{docketId}?api_key=YOUR_KEY","Free api.data.gov key","Free",,,"JSON",,"1,000 req/hour",,"Docket details by docketId","CRE Intelligence Terminal — Production-Ready API Recipe Book.md","Section 5 / Lines 438-441",,,
"Regulations.gov v4 — Master Reference Table Row",,"Regulations.gov",,"https://api.regulations.gov/v4/documents?filter[agencyId]=FHFA&filter[documentType]=Proposed Rule&filter[postedDate][ge]=2024-01-01&page[size]=25&api_key=KEY","Free api.data.gov key","Free","Daily",,"JSON",,"1,000 req/hr",,"Open Rulemaking Docket","CRE Intelligence Terminal — Production-Ready API Recipe Book.md","Master Reference Table / Line 621",,,
"Treasury FiscalData — Base URL",,"Treasury FiscalData",,"https://api.fiscaldata.treasury.gov/services/api/fiscal_service","No API key",,,,,,,,"Treasury FiscalData base","CRE Intelligence Terminal — Production-Ready API Recipe Book.md","Section 6 / Lines 449-453",,,
"Treasury FiscalData — Avg Interest Rates on US Debt",,"Treasury FiscalData",,"/v2/accounting/od/avg_interest_rates","No API key",,,,,,,,"Benchmark rate context for CRE","CRE Intelligence Terminal — Production-Ready API Recipe Book.md","Section 6 / Line 459",,,
"Treasury FiscalData — Daily Treasury Yield Curve",,"Treasury FiscalData",,"/v2/accounting/od/avg_interest_rates?fields=security_desc,avg_interest_rate_amt,record_date&filter=security_desc:eq:Treasury+Bills","No API key",,,,"security_desc, avg_interest_rate_amt, record_date",,,,"Cap rate spreads","CRE Intelligence Terminal — Production-Ready API Recipe Book.md","Section 6 / Line 460",,,
"Treasury FiscalData — Treasury Securities Outstanding",,"Treasury FiscalData",,"/v1/debt/treas_sec_outstanding","No API key",,,,,,,,"MBS/CMBS issuance context","CRE Intelligence Terminal — Production-Ready API Recipe Book.md","Section 6 / Line 461",,,
"Treasury FiscalData — Debt to the Penny",,"Treasury FiscalData",,"/v2/accounting/od/debt_to_penny","No API key",,"Daily",,,,,,"Daily headline macro","CRE Intelligence Terminal — Production-Ready API Recipe Book.md","Section 6 / Line 462",,,
"Treasury FiscalData — Full Dataset Catalog",,"Treasury FiscalData",,"https://fiscaldata.treasury.gov/datasets/","No API key",,,,,,,,"Full dataset catalog","CRE Intelligence Terminal — Production-Ready API Recipe Book.md","Section 6 / Lines 464-466",,,
"Treasury FiscalData — Avg Interest Rates Full Query",,"Treasury FiscalData",,"https://api.fiscaldata.treasury.gov/services/api/fiscal_service/v2/accounting/od/avg_interest_rates?fields=security_desc,avg_interest_rate_amt,record_date&sort=-record_date&page[size]=10","No API key",,"Daily / Monthly",,"JSON",,,,"Benchmark Rate Strip","CRE Intelligence Terminal — Production-Ready API Recipe Book.md","Section 6 / Lines 468-470",,,
"Treasury TIC — Canonical Download Portal",,"Treasury TIC",,"https://ticdata.treasury.gov/","No API key",,"Monthly (11th biz day +0-3)",,,,,,"Foreign Holdings of RMBS/CMBS/Agency MBS portal","CRE Intelligence Terminal — Production-Ready API Recipe Book.md","Section 6 / Lines 474-478",,,
"Treasury TIC — Foreign Holdings Preliminary Report (HTML)",,"Treasury TIC",,"https://ticdata.treasury.gov/Publish/shlprelim.html","No API key",,"Monthly",,"HTML",,,,"Foreign holdings of US ABS/MBS most recent benchmark survey","CRE Intelligence Terminal — Production-Ready API Recipe Book.md","Section 6 / Lines 480-484",,,
"Treasury TIC — Long-Term Holdings 2025 CSV",,"Treasury TIC",,"https://ticdata.treasury.gov/Publish/shla2025r.csv","No API key",,"Monthly (11th biz day +0-3)",,"CSV",,,,"Foreign MBS Holdings Tile; replace year in filename","CRE Intelligence Terminal — Production-Ready API Recipe Book.md","Section 6 / Lines 485-489",,,
"OFR STFM API — Repo Dataset",,"Office of Financial Research (OFR)",,"https://data.financialresearch.gov/v1/series/dataset?dataset=repo","No API key",,,,"JSON",,,,"OFR STFM covers repo markets, money market funds, treasury yields (no REST JSON for TIC; use OFR STFM)","CRE Intelligence Terminal — Production-Ready API Recipe Book.md","Section 6 / Lines 491-495",,,
"Treasury FiscalData — Master Reference Table Row",,"Treasury FiscalData",,"https://api.fiscaldata.treasury.gov/services/api/fiscal_service/v2/accounting/od/avg_interest_rates?fields=security_desc,avg_interest_rate_amt,record_date&sort=-record_date&page[size]=10","None",,"Daily / Monthly",,"JSON",,"None",,"Benchmark Rate Strip","CRE Intelligence Terminal — Production-Ready API Recipe Book.md","Master Reference Table / Line 622",,,
"Treasury TIC (CSV) — Master Reference Table Row",,"Treasury TIC",,"https://ticdata.treasury.gov/Publish/shla2025r.csv","None",,"Monthly (11th biz day +0-3)",,"CSV flat file",,"None",,"Foreign MBS Holdings Tile","CRE Intelligence Terminal — Production-Ready API Recipe Book.md","Master Reference Table / Line 623",,,
"BLS Public Data API v2 — Base",,"BLS",,"https://api.bls.gov/publicAPI/v2/timeseries/data/","Free key",,,,,,"500 requests/day",,"BLS macro tiles","CRE Intelligence Terminal — Production-Ready API Recipe Book.md","Section 7 / Lines 501-503",,,
"BLS API v2 — Registration Page",,"BLS",,"https://data.bls.gov/registrationEngine/","Free key signup",,,,,,,,"Free BLS key signup","CRE Intelligence Terminal — Production-Ready API Recipe Book.md","Section 7 / Line 503",,,
"BLS API v2 — CES Nonfarm Payrolls (CES0000000001)",,"BLS",,"https://api.bls.gov/publicAPI/v2/timeseries/data/CES0000000001?startyear=2023&endyear=2026&registrationkey=YOUR_KEY","Free key",,"Monthly",,"JSON",,"500 req/day",,"CES Nonfarm Payrolls total","CRE Intelligence Terminal — Production-Ready API Recipe Book.md","Section 7 / Line 508",,,
"BLS API v2 — JOLTS Job Openings (JTS000000000000000JOR)",,"BLS",,"https://api.bls.gov/publicAPI/v2/timeseries/data/JTS000000000000000JOR?startyear=2023&endyear=2026&registrationkey=YOUR_KEY","Free key",,"Monthly",,"JSON",,"500 req/day",,"Labor Demand Indicator","CRE Intelligence Terminal — Production-Ready API Recipe Book.md","Section 7 / Line 509",,,
"BLS API v2 — CPI Shelter Component (CUSR0000SAH1)",,"BLS",,"https://api.bls.gov/publicAPI/v2/timeseries/data/CUSR0000SAH1?startyear=2023&endyear=2026&registrationkey=YOUR_KEY","Free key",,"Monthly",,"JSON",,"500 req/day",,"CPI Shelter Tracker","CRE Intelligence Terminal — Production-Ready API Recipe Book.md","Section 7 / Line 510",,,
"BEA API — Base",,"BEA",,"https://apps.bea.gov/api/data","Free key",,,,,,"100 requests/min, 100 MB/min",,"BEA Regional API base","CRE Intelligence Terminal — Production-Ready API Recipe Book.md","Section 7 / Lines 514-518",,,
"BEA API — Free Key Signup",,"BEA",,"https://apps.bea.gov/API/signup/","Free key signup",,,,,,,,"Free BEA API key signup","CRE Intelligence Terminal — Production-Ready API Recipe Book.md","Section 7 / Line 517",,,
"BEA API — Personal Income by MSA (CAINC1)",,"BEA",,"https://apps.bea.gov/api/data?UserID=YOUR_KEY&method=GetData&DataSetName=Regional&TableName=CAINC1&LineCode=1&GeoFips=MSA&Year=2022,2023,2024&ResultFormat=JSON","Free key",,"Annual",,"JSON",,"100 req/min, 100 MB/min",,"MSA Income Map; CAINC1 Personal Income by MSA","CRE Intelligence Terminal — Production-Ready API Recipe Book.md","Section 7 / Lines 520-522",,,
"Census API — Key Signup",,"Census",,"https://api.census.gov/data/key_signup.html","Free key signup",,,,,,,,"Census API key signup","CRE Intelligence Terminal — Production-Ready API Recipe Book.md","Section 7 / Lines 527-529",,,
"Census API — Building Permits Survey (BPS) Monthly National",,"Census",,"https://api.census.gov/data/timeseries/eits/bps?get=cell_value,time_slot_name,category_code&for=us:*&time=from+2023-01&key=YOUR_KEY","Free key",,"Monthly",,"JSON: cell_value, time_slot_name, category_code",,"Generous (undocumented)",,"Building Permits Ticker","CRE Intelligence Terminal — Production-Ready API Recipe Book.md","Section 7 / Line 533",,,
"Census API — Monthly Retail Trade (MRTS)",,"Census",,"https://api.census.gov/data/timeseries/eits/mrts?get=cell_value,time_slot_name,category_code&for=us:*&time=from+2024-01&key=YOUR_KEY","Free key",,"Monthly",,"JSON: cell_value, time_slot_name, category_code",,"Generous",,"Monthly Retail Trade ticker","CRE Intelligence Terminal — Production-Ready API Recipe Book.md","Section 7 / Line 534",,,
"Census API — ACS Housing Tenure (owner/renter)",,"Census",,"https://api.census.gov/data/2023/acs/acs5?get=NAME,B25003_001E,B25003_002E,B25003_003E&for=metropolitan+statistical+area/micropolitan+statistical+area:*&key=YOUR_KEY","Free key",,"Annual (ACS 5-yr)",,"JSON: NAME, B25003_001E, B25003_002E, B25003_003E",,"Generous",,"Owner/Renter Map","CRE Intelligence Terminal — Production-Ready API Recipe Book.md","Section 7 / Line 535",,,
"BLS CPI Shelter — Master Reference Table Row",,"BLS",,"https://api.bls.gov/publicAPI/v2/timeseries/data/CUSR0000SAH1?startyear=2024&endyear=2026&registrationkey=KEY","Free key",,"Monthly",,"JSON",,"500 req/day",,"CPI Shelter Tracker","CRE Intelligence Terminal — Production-Ready API Recipe Book.md","Master Reference Table / Line 624",,,
"BLS JOLTS — Master Reference Table Row",,"BLS",,"https://api.bls.gov/publicAPI/v2/timeseries/data/JTS000000000000000JOR?startyear=2024&endyear=2026&registrationkey=KEY","Free key",,"Monthly",,"JSON",,"500 req/day",,"Labor Demand Indicator","CRE Intelligence Terminal — Production-Ready API Recipe Book.md","Master Reference Table / Line 625",,,
"BEA Regional API — Master Reference Table Row",,"BEA",,"https://apps.bea.gov/api/data?UserID=KEY&method=GetData&DataSetName=Regional&TableName=CAINC1&LineCode=1&GeoFips=MSA&Year=2023,2024&ResultFormat=JSON","Free key",,"Annual (CAINC1)",,"JSON / XML",,"100 req/min",,"MSA Income Map","CRE Intelligence Terminal — Production-Ready API Recipe Book.md","Master Reference Table / Line 626",,,
"Census BPS API — Master Reference Table Row",,"Census",,"https://api.census.gov/data/timeseries/eits/bps?get=cell_value,time_slot_name,category_code&for=us:*&time=from+2024-01&key=YOUR_KEY","Free key",,"Monthly",,"JSON",,"Generous (undocumented)",,"Building Permits Ticker","CRE Intelligence Terminal — Production-Ready API Recipe Book.md","Master Reference Table / Line 627",,,
"Census ACS Housing Tenure — Master Reference Table Row",,"Census",,"https://api.census.gov/data/2023/acs/acs5?get=NAME,B25003_001E,B25003_002E,B25003_003E&for=metropolitan+statistical+area/micropolitan+statistical+area:*&key=KEY","Free key",,"Annual (ACS 5-yr)",,"JSON",,"Generous",,"Owner/Renter Map","CRE Intelligence Terminal — Production-Ready API Recipe Book.md","Master Reference Table / Line 628",,,
"NewsAPI.org — CRE Keyword Call",,"NewsAPI.org",,"https://newsapi.org/v2/everything?q=CMBS+%22commercial+real+estate%22&language=en&sortBy=publishedAt&apiKey=YOUR_KEY","Free key","Free tier is localhost/dev only; production requires paid plan","Real-time",,"JSON",,"100 req/day, developer only (no production)",,"News API CRE keyword search","CRE Intelligence Terminal — Production-Ready API Recipe Book.md","Section 8 / Line 543",,,
"NewsData.io — CRE Keyword Call",,"NewsData.io",,"https://newsdata.io/api/1/news?apikey=YOUR_KEY&q=CMBS+commercial+real+estate&language=en&country=us","Free key","Free commercial use allowed","12-hr delay on free",,"JSON",,"200 credits/day (×10 articles/credit = 2,000 articles/day)",,"Supplemental News Feed","CRE Intelligence Terminal — Production-Ready API Recipe Book.md","Section 8 / Line 544",,,
"Mediastack — CRE Keyword Call",,"Mediastack",,"http://api.mediastack.com/v1/news?access_key=YOUR_KEY&keywords=CMBS,commercial+real+estate,office+vacancy&countries=us&languages=en","Free key","Free tier","30-min delay",,"JSON",,"~500 req/month on free tier",,"Backup News Ticker; HTTP only on free tier (no HTTPS)","CRE Intelligence Terminal — Production-Ready API Recipe Book.md","Section 8 / Line 545",,,
"NewsData.io Archive — Paid Tier",,"NewsData.io",,"Same endpoint + &from_date=2025-01-01","Paid only","Paid only ($199.99/mo+) for 6-mo history","Real-time on paid",,"JSON",,,,"Archive access (paid)","CRE Intelligence Terminal — Production-Ready API Recipe Book.md","Section 8 / Line 547",,,
"MarketAux — CRE REIT Tickers Query",,"MarketAux",,"https://api.marketaux.com/v1/news/all?symbols=VNO,SPG,ARE&filter_entities=true&language=en&api_token=YOUR_KEY","Free key","Free","Near real-time",,"JSON",,"100 req/day free",,"Entity/ticker-tagged, CRE REIT coverage","CRE Intelligence Terminal — Production-Ready API Recipe Book.md","Section 8 / Line 548",,,
"Common Crawl CC-NEWS — S3 Path",,"Common Crawl",,"s3://commoncrawl/crawl-data/CC-NEWS/","AWS credentials (requester-pays)","Free","~24-48 hr lag",,,,,,"Petabyte-scale; not a REST API — use AWS CLI or Athena","CRE Intelligence Terminal — Production-Ready API Recipe Book.md","Section 8 / Line 550",,,
"Reuters — Google News RSS Proxy Workaround",,"Reuters (via Google News)",,"https://news.google.com/rss/search?q=commercial+real+estate+CMBS+site:reuters.com&hl=en-US&gl=US&ceid=US:en","No API key","Free","Headline + link only",,"RSS",,,,"Workaround: Google News RSS proxies Reuters content (headline + link only, no full text)","CRE Intelligence Terminal — Production-Ready API Recipe Book.md","Section 9 / Lines 558-562",,,
"Bloomberg — RSS Markets Feed",,"Bloomberg",,"https://feeds.bloomberg.com/markets/news.rss","No API key","Free","Real-time (headlines only)",,"RSS/XML",,"None published",,"Markets (includes CRE); headlines only; undocumented","CRE Intelligence Terminal — Production-Ready API Recipe Book.md","Section 9 / Line 577",,,
"Bloomberg — RSS Economics Feed",,"Bloomberg",,"https://feeds.bloomberg.com/economics/news.rss","No API key","Free","Real-time (headlines only)",,"RSS/XML",,"None published",,"Economics; headlines only; undocumented","CRE Intelligence Terminal — Production-Ready API Recipe Book.md","Section 9 / Line 578",,,
"Bloomberg — RSS Industries Feed",,"Bloomberg",,"https://feeds.bloomberg.com/industries/news.rss","No API key","Free","Real-time (headlines only)",,"RSS/XML",,"None published",,"Industries (CRE sector); Bloomberg Headline Strip","CRE Intelligence Terminal — Production-Ready API Recipe Book.md","Section 9 / Line 579",,,
"NewsData.io — Master Reference Table Row",,"NewsData.io",,"https://newsdata.io/api/1/news?apikey=KEY&q=CMBS+%22commercial+real+estate%22&language=en&country=us","Free key","Free","12-hr delay (free)",,"JSON",,"200 credits/day (≈2,000 articles), 12-hr delay",,"Supplemental News Feed","CRE Intelligence Terminal — Production-Ready API Recipe Book.md","Master Reference Table / Line 633",,,
"Mediastack — Master Reference Table Row",,"Mediastack",,"http://api.mediastack.com/v1/news?access_key=KEY&keywords=CMBS,commercial+real+estate&countries=us&languages=en","Free key","Free","30-min delay (free)",,"JSON",,"~500 req/mo, 30-min delay",,"Backup News Ticker","CRE Intelligence Terminal — Production-Ready API Recipe Book.md","Master Reference Table / Line 634",,,
"Bloomberg RSS — Master Reference Table Row",,"Bloomberg",,"https://feeds.bloomberg.com/industries/news.rss","None","Free","Real-time (headlines only)",,"RSS/XML",,"None",,"Bloomberg Headline Strip","CRE Intelligence Terminal — Production-Ready API Recipe Book.md","Master Reference Table / Line 635",,,
"Chicago Fed CFNAI — Current Data Page",,"Chicago Fed",,"https://www.chicagofed.org/research/data/cfnai/current-data","No API key",,"Monthly (last business day of month)",,"Excel link on page",,,,"CFNAI National Activity Index","CRE Intelligence Terminal — Production-Ready API Recipe Book.md","Section 10 / Line 594",,,
"Chicago Fed CFNAI — Via FRED",,"FRED",,"https://api.stlouisfed.org/fred/series/observations?series_id=CFNAI&api_key=YOUR_KEY&file_type=json","Free FRED key",,"Monthly",,"JSON",,,,"National Activity Index via FRED","CRE Intelligence Terminal — Production-Ready API Recipe Book.md","Section 10 / Line 594",,,
"Philadelphia Fed ADS — Page",,"Philadelphia Fed",,"https://www.philadelphiafed.org/surveys-and-data/real-time-data-research/ads","No API key",,"Real-time (8× per month)",,"Excel download on page",,,,"ADS Business Conditions Index","CRE Intelligence Terminal — Production-Ready API Recipe Book.md","Section 10 / Line 595",,,
"Philadelphia Fed State Coincident Indexes — Page",,"Philadelphia Fed",,"https://www.philadelphiafed.org/surveys-and-data/regional-economic-analysis/state-coincident-indexes","No API key",,"Monthly",,"Excel download",,,,"State Coincident Indexes; Via FRED series USPHCI","CRE Intelligence Terminal — Production-Ready API Recipe Book.md","Section 10 / Line 596",,,
"Dallas Fed TMOS — Page",,"Dallas Fed",,"https://www.dallasfed.org/research/surveys/tmos","No API key",,"Monthly",,"Excel download on page",,,,"Texas Manufacturing Outlook Survey; Via FRED series DALTCPIMS","CRE Intelligence Terminal — Production-Ready API Recipe Book.md","Section 10 / Line 597",,,
"Dallas Fed WEI — Page",,"Dallas Fed",,"https://www.dallasfed.org/research/wei","No API key",,"Weekly",,"Excel download",,,,"Weekly Economic Index; Via FRED series WEI","CRE Intelligence Terminal — Production-Ready API Recipe Book.md","Section 10 / Line 598",,,
"Atlanta Fed GDPNow — Page",,"Atlanta Fed",,"https://www.atlantafed.org/research-and-data/data/gdpnow","No API key",,"~8× per quarter",,"Excel spreadsheet link",,,,"GDPNow nowcast page","CRE Intelligence Terminal — Production-Ready API Recipe Book.md","Section 10 / Line 599",,,
"Atlanta Fed GDPNow — Via FRED",,"FRED",,"https://api.stlouisfed.org/fred/series/observations?series_id=GDPNOW&api_key=YOUR_KEY&file_type=json","Free FRED key",,"~8× per quarter",,"JSON",,,,"GDP Nowcast Tile via FRED","CRE Intelligence Terminal — Production-Ready API Recipe Book.md","Section 10 / Line 599",,,
"NY Fed Weekly Economic Index — Archived",,"NY Fed",,"https://www.newyorkfed.org/research/policy/weekly-economic-index","No API key",,"Moved Dec 2023",,,,,,"Archived; redirects to Dallas Fed","CRE Intelligence Terminal — Production-Ready API Recipe Book.md","Section 10 / Line 600",,,
"Kansas City Fed Manufacturing Survey — Page",,"Kansas City Fed",,"https://www.kansascityfed.org/surveys/manufacturing-survey/","No API key",,"Monthly",,"Excel on release page",,,,"Manufacturing Survey; Via FRED KCFMCIM","CRE Intelligence Terminal — Production-Ready API Recipe Book.md","Section 10 / Line 601",,,
"Richmond Fed 5th District Economic Indicators — Page",,"Richmond Fed",,"https://www.richmondfed.org/research/regional_economy/indexes/composite","No API key",,"Monthly",,,,,,"5th District Economic Indicators; Via FRED series WNCFSA","CRE Intelligence Terminal — Production-Ready API Recipe Book.md","Section 10 / Line 602",,,
"St. Louis Fed / FRED — All Series via API",,"FRED",,"https://api.stlouisfed.org/fred/series/observations?series_id=CFNAI&api_key=YOUR_KEY&file_type=json","Free FRED key",,"Per source schedule",,"JSON native",,,,"FRED API all series","CRE Intelligence Terminal — Production-Ready API Recipe Book.md","Section 10 / Line 603",,,
"FRED API Key Signup",,"FRED",,"https://fred.stlouisfed.org/docs/api/api_key.html","Free, instant",,,,,,,,"FRED API Key signup","CRE Intelligence Terminal — Production-Ready API Recipe Book.md","Section 10 / Line 605",,,
"Atlanta Fed GDPNow — Master Reference Table Row",,"FRED",,"https://api.stlouisfed.org/fred/series/observations?series_id=GDPNOW&api_key=KEY&file_type=json","Free FRED key",,"~8× per quarter",,"JSON",,"1,000+/day",,"GDP Nowcast Tile","CRE Intelligence Terminal — Production-Ready API Recipe Book.md","Master Reference Table / Line 629",,,
"Chicago Fed CFNAI — Master Reference Table Row",,"FRED",,"https://api.stlouisfed.org/fred/series/observations?series_id=CFNAI&api_key=KEY&file_type=json","Free FRED key",,"Monthly",,"JSON",,"1,000+/day",,"National Activity Index","CRE Intelligence Terminal — Production-Ready API Recipe Book.md","Master Reference Table / Line 630",,,
"Dallas Fed WEI — Master Reference Table Row",,"FRED",,"https://api.stlouisfed.org/fred/series/observations?series_id=WEI&api_key=KEY&file_type=json","Free FRED key",,"Weekly",,"JSON",,"1,000+/day",,"Weekly Economy Pulse","CRE Intelligence Terminal — Production-Ready API Recipe Book.md","Master Reference Table / Line 631",,,
"Kansas City Fed Mfg — Master Reference Table Row",,"FRED",,"https://api.stlouisfed.org/fred/series/observations?series_id=KCFMCIM&api_key=KEY&file_type=json","Free FRED key",,"Monthly",,"JSON",,"1,000+/day",,"Midwest Industrial Tile","CRE Intelligence Terminal — Production-Ready API Recipe Book.md","Master Reference Table / Line 632",,,
"Parallel Fan-Out Python — GDELT CRE News Endpoint",,"GDELT",,"https://api.gdeltproject.org/api/v2/doc/doc","No API key",,,,,,,,"Parallel fan-out Python snippet endpoint","CRE Intelligence Terminal — Production-Ready API Recipe Book.md","Parallel Fan-Out / Lines 651-655",,,
"Parallel Fan-Out Python — Federal Register Rules Endpoint",,"Federal Register",,"https://www.federalregister.gov/api/v1/documents.json","No API key",,,,,,,,"Parallel fan-out Python snippet endpoint","CRE Intelligence Terminal — Production-Ready API Recipe Book.md","Parallel Fan-Out / Lines 656-660",,,
"Parallel Fan-Out Python — FRED GDPNOW Endpoint",,"FRED",,"https://api.stlouisfed.org/fred/series/observations","Free key",,,,,,,,"Parallel fan-out Python snippet endpoint","CRE Intelligence Terminal — Production-Ready API Recipe Book.md","Parallel Fan-Out / Lines 661-664",,,
"Parallel Fan-Out Python — BLS CPI Shelter Endpoint",,"BLS",,"https://api.bls.gov/publicAPI/v2/timeseries/data/CUSR0000SAH1","Free key",,,,,,,,"Parallel fan-out Python snippet endpoint","CRE Intelligence Terminal — Production-Ready API Recipe Book.md","Parallel Fan-Out / Lines 665-668",,,
"Parallel Fan-Out Python — Regulations.gov FHFA Rulemaking Endpoint",,"Regulations.gov",,"https://api.regulations.gov/v4/documents","Free api.data.gov key",,,,,,,,"Parallel fan-out Python snippet endpoint","CRE Intelligence Terminal — Production-Ready API Recipe Book.md","Parallel Fan-Out / Lines 669-673",,,
"GDELT BigQuery — Theme Filter Lookup",,"GDELT BigQuery",,"gdelt-bq.gdeltv2.gkg_partitioned","BigQuery credentials","Pay-per-query",,,,,,,"For bulk historical pulls; theme master list","CRE Intelligence Terminal — Production-Ready API Recipe Book.md","Section 1 / Line 138 + Hardening Notes / Line 698",,,
